latitude,longitude,competitor_density_500m,jarak_kompetitor_meter,kompetitor_head_to_head,zona_kmeans,pelanggaran_zonasi
-6.214337,106.8312134,5,363.51144140963186,0,1,0
-6.2160036,106.8440714,10,134.85136522111844,0,1,0
-6.2325019,106.8444327,2,418.5732382004027,0,1,0
-6.2242003,106.8525338,6,297.80945625246875,0,1,0
-6.2106207,106.8419454,10,43.61150105837479,1,1,0
-6.216285699999999,106.843786,10,113.12852723461643,0,1,0
-6.2113933,106.8415987,11,82.61789363040717,0,1,0
-6.2383118,106.850335,2,485.6915558922763,0,1,0
-6.2258963,106.8575556,12,120.65976016168132,0,1,0
-6.2086144,106.8368663,2,390.46160587292917,0,1,0
-6.230342299999999,106.8514366,4,221.0008554603816,0,1,0
-6.2204901,106.8472328,6,323.7467146384801,0,1,0
-6.2240566,106.8527215,6,274.93810407436945,0,1,0
-6.214204,106.8409467,15,81.1155917674753,0,1,0
-6.236383699999999,106.8568272,5,162.63206277047183,0,1,1
-6.2258324,106.858882,16,11.994381940238707,1,1,0
-6.208247399999999,106.8327765,3,681.10002696673,0,1,0
-6.215694699999999,106.8422542,11,196.53118901867438,0,1,0
-6.2252467,106.8628154,11,55.61256591348129,0,1,0
-6.2246197,106.8401752,1,787.3013206581497,0,1,0
-6.2123971,106.8336757,4,484.8708939521305,0,1,0
-6.2093992,106.8477239,4,297.1573083847687,0,1,0
-6.2250076,106.8428196,4,669.1313369927741,0,1,0
-6.2383462,106.847226,2,554.2639999640442,0,1,0
-6.2091042,106.8495212,3,132.88286327234644,0,1,0
-6.2212209,106.8328964,3,273.54705149081593,0,1,0
-6.2247397,106.8447512,3,509.894533815266,0,1,0
-6.2336278,106.8395619,1,104.45089484082146,0,1,0
-6.2186328,106.8300399,7,39.73091738027456,1,1,0
-6.224636500000001,106.8590463,16,133.2655695186531,0,1,0
-6.229205299999999,106.8474494,3,82.86520106838067,0,1,0
-6.2255444,106.8622325,11,116.12403815919545,0,1,0
-6.2389963,106.8602569,5,110.4432373664048,0,1,0
-6.239277899999999,106.8456902,1,734.0151188939948,0,1,0
-6.223185200000001,106.8461687,5,330.3960048688671,0,1,0
-6.2256068,106.8622342,11,121.31400434945283,0,1,0
-6.2101278,106.8312488,3,513.2015250497699,0,1,0
-6.2261166,106.8638063,4,179.76698068839184,0,1,0
-6.248453899999999,106.8587205,8,74.95103084935104,0,1,1
-6.2459671,106.8555993,8,9.085423983248546,1,1,0
-6.2497874,106.8365148,5,22.24490509382048,1,1,0
-6.2422974,106.8551682,9,86.32991428324233,0,1,0
-6.2467067,106.8549365,8,47.6031223648408,1,1,1
-6.242484,106.854727,9,36.35983685934132,1,1,0
-6.2516495,106.849876,2,22.64822138996438,1,1,0
-6.246947,106.8424352,1,95.25279588154534,0,1,0
-6.251975799999999,106.8368081,6,138.94946803219958,0,1,0
-6.2514995,106.861901,6,6.205911389324194,1,1,0
-6.2113771,106.8413589,11,103.99787889683881,0,1,0
-6.2232986,106.8453453,5,420.8694342292986,0,1,0
-6.2534709,106.8404797,4,39.30271035248048,1,1,0
-6.2464648,106.8322217,8,98.19607286516673,0,1,1
-6.2441983,106.8324248,7,67.21706793731336,0,1,1
-6.251983999999999,106.8367253,6,144.86912983869158,0,1,0
-6.2477205,106.8306366,8,146.45924404475758,0,1,1
-6.2523677,106.8615916,5,107.15451561220922,0,1,0
-6.251923499999999,106.8616752,5,57.550494687487756,0,1,0
-6.2516153,106.861321,6,64.54832864321912,0,1,0
-6.2403194,106.8557598,6,302.15381832836727,0,1,0
-6.248328,106.8240323,4,346.1595936361145,0,1,0
-6.227752,106.8563415,12,162.0204931153346,0,1,0
-6.2212663,106.8270455,5,437.83043515877125,0,1,0
-6.2331067,106.8230684,3,333.4969937126719,0,1,0
-6.2235581,106.8259947,3,515.5784928026255,0,1,0
-6.2222333,106.8261754,3,579.7834486081103,0,1,0
-6.239546799999999,106.8263501,1,418.1496003750613,0,1,0
-6.2269641,106.8213717,5,254.4975775357791,0,1,0
-6.216086199999999,106.8232321,6,317.781907348844,0,1,1
-6.2177327,106.8196168,5,175.94189766406384,0,1,0
-6.2494907,106.8214751,5,169.8067269774109,0,1,0
-6.248328099999999,106.824029,4,346.3753163337799,0,1,0
-6.223765999999999,106.826793,4,426.6761240959198,0,1,0
-6.216343999999999,106.8201923,5,19.48879434383072,1,1,0
-6.242254099999999,106.8196646,6,256.55406505392176,0,1,0
-6.2440509,106.8161762,6,0.21584758889440006,1,1,0
-6.2541381,106.8269373,3,149.4694587189888,0,1,1
-6.247488499999999,106.8149378,7,405.80168954683035,0,1,0
-6.243758199999999,106.8163851,6,40.103899446037694,1,1,0
-6.2607737,106.8428871,2,133.1278167814521,0,1,0
-6.257493999999999,106.8528125,9,26.968405362055105,1,1,0
-6.2614906,106.840841,4,119.13236055980857,0,1,1
-6.2577016,106.8535744,9,108.2545091553126,0,1,0
-6.2572773,106.850916,7,132.3121755459827,0,1,0
-6.2628099,106.8520926,3,339.583373716312,0,1,0
-6.2584634,106.8533232,9,148.62331879078909,0,1,0
-6.258863799999999,106.8375135,2,533.357097583693,0,1,1
-6.2563574,106.8502356,6,183.23314094059683,0,1,0
-6.255365599999999,106.8549931,6,143.02608059253453,0,1,0
-6.2681964,106.8239824,2,215.00080856233396,0,1,0
-6.2627434,106.830664,3,349.1871910605913,0,1,0
-6.2720279,106.8486037,4,8.147281370021963,1,1,0
-6.2694594,106.8377558,5,24.488830817165756,1,1,0
-6.272292699999999,106.8391874,5,90.81015566184084,0,1,0
-6.2518104,106.8145478,4,65.4063235163969,0,1,0
-6.2668841,106.8157034,2,597.0052031200527,0,1,0
-6.262678699999999,106.8306876,3,344.49618197857825,0,1,0
-6.2613007,106.8289744,2,514.1169644660692,0,1,0
-6.2639511,106.8236563,2,259.07509166122526,0,1,0
-6.2602656,106.815172,2,438.96431309606123,0,1,0
-6.2555529,106.8123381,3,426.42284797681833,0,1,0
-6.2674666,106.8139114,3,410.9202953581319,0,1,0
-6.272597699999999,106.8149503,2,51.51855177026053,0,1,0
-6.2353007,106.8152731,2,413.77334935555314,0,1,1
-6.255084,106.8144756,4,298.69034100714697,0,1,0
-6.2646261,106.813776,4,437.6882616957545,0,1,0
-6.2617066,106.8155229,2,552.4574841303415,0,1,0
-6.2604007,106.837657,4,466.4826018853522,0,1,1
-6.2804467,106.844865,0,539.0796323871901,0,1,0
-6.2819344,106.8197334,0,530.1592095032647,0,0,0
-6.2794572,106.8335032,3,163.24096872447166,0,1,0
-6.275748999999999,106.8414378,3,125.3536709375838,0,1,0
-6.2394178,106.8107532,3,74.49141039682395,0,1,1
-6.239303899999999,106.8121988,3,232.54966598659962,0,1,1
-6.2385571,106.817085,3,0.04421463635147021,1,1,1
-6.2258532,106.8588152,16,6.214263762656133,1,1,0
-6.279562299999999,106.8367311,3,95.15114947359858,0,1,0
-6.2664857,106.7975475,12,46.97171780172848,1,2,0
-6.2627085,106.7887445,2,35.81390641205812,1,2,0
-6.2774015,106.7765376,6,3.346114566061062,1,2,0
-6.278223100000001,106.797096,6,201.61502841242324,0,2,0
-6.2857772,106.7808844,4,152.36164898273066,0,2,0
-6.2910563,106.7949517,6,85.9537032167827,0,0,1
-6.2829641,106.7806074,3,166.20587144143175,0,2,0
-6.2843295,106.7811145,3,16.839076590453818,1,2,0
-6.2821542,106.7916131,2,84.56248738631723,0,2,0
-6.269582199999999,106.7748789,3,336.5997779842603,0,2,0
-6.277701,106.7728599,5,257.40979939208825,0,2,0
-6.2695941,106.7975764,9,136.50085817432344,0,2,0
-6.2776029,106.7794317,3,324.00917864027315,0,2,0
-6.2711724,106.7755201,2,481.1800128649337,0,2,0
-6.2928207,106.794356,7,171.8609788080867,0,0,0
-6.2777755,106.7968703,5,246.1331107843144,0,2,0
-6.2609562,106.7672112,8,4.749596538879605,1,2,0
-6.2743949,106.7827922,0,770.8130922360685,0,2,0
-6.2930967,106.7920496,10,323.5035673917214,0,0,0
-6.2638128,106.7750009,4,67.8714842151052,0,2,0
-6.2666653,106.7706362,1,465.1412297986617,0,2,0
-6.275743299999999,106.7971777,4,474.5436078461514,0,2,0
-6.289838899999999,106.7781069,2,299.9145267586826,0,2,0
-6.281351099999999,106.7963965,6,155.0561358919033,0,2,0
-6.268205399999999,106.7970959,10,65.23403543143853,0,2,0
-6.2637034,106.7954092,9,368.58547812768506,0,2,0
-6.2645803,106.7664311,6,65.49256166077868,0,2,0
-6.266464999999999,106.7914699,1,180.17317049018985,0,2,0
-6.2585712,106.7773998,1,170.81443099675704,0,2,0
-6.2695104,106.7975699,9,144.40000153590117,0,2,0
-6.279392199999999,106.7984418,6,210.5168066392552,0,2,0
-6.286857899999999,106.7903161,2,81.85114518892868,0,2,0
-6.2635979,106.7636982,6,36.90738478773404,1,2,0
-6.2576762,106.7967995,7,266.17800819285907,0,2,0
-6.2831678,106.7717267,2,22.26424290176136,1,2,0
-6.2763063,106.7624003,2,75.28266587957735,0,2,0
-6.26411,106.7988205,10,213.76315646863625,0,2,0
-6.2962454,106.7892345,3,54.306063737623205,0,0,0
-6.2573003,106.7640903,3,254.83660152500863,0,2,0
-6.265670699999999,106.7753023,5,110.69136745260145,0,2,0
-6.2600751,106.7970731,6,59.628076322747326,0,2,0
-6.2963167,106.7891712,3,61.34293146413785,0,0,0
-6.2590333,106.7597615,2,398.4926119860808,0,2,0
-6.264296,106.7661822,6,88.47816175915167,0,2,0
-6.296373399999999,106.7948721,5,228.2611748867157,0,0,0
-6.2947447,106.795399,7,89.94814975875376,0,0,0
-6.2180145,106.7953619,2,195.85737159757062,0,2,0
-6.2321661,106.769049,2,600.5663740446604,0,2,1
-6.218096999999999,106.778701,1,307.9418840102428,0,2,0
-6.2134016,106.7907194,1,682.3817915757975,0,2,0
-6.2444003,106.7725752,3,91.8978036017051,0,2,0
-6.2330232,106.7804064,2,548.9069382672205,0,2,0
-6.245896699999999,106.78401,4,405.92130980304853,0,2,0
-6.2321222,106.769101,2,605.4613612203468,0,2,1
-6.2450426,106.780055,5,334.6838406239246,0,2,0
-6.2131316,106.7865443,1,714.8435614922735,0,2,0
-6.2187177,106.7954941,2,192.73420091114093,0,2,0
-6.2463603,106.7796743,5,191.34713094431214,0,2,0
-6.2483714,106.7903916,7,35.41345328298296,1,2,0
-6.2458778,106.7920332,7,264.4211527192912,0,2,0
-6.2381749,106.7808075,3,212.46323866375263,0,2,0
-6.2479081,106.7781297,7,51.706287299423224,0,2,0
-6.231951899999999,106.7803754,2,480.7175571149027,0,2,0
-6.2321668,106.769016,2,600.5084129363239,0,2,1
-6.235679999999999,106.7734791,3,314.00466461887925,0,2,1
-6.238261,106.7717106,4,69.28642907478573,0,2,1
-6.2443244,106.7993778,8,232.8949227314615,0,2,0
-6.2484603,106.7904931,7,48.731176872623315,1,2,0
-6.236225300000001,106.7826683,4,137.2731955133883,0,2,0
-6.2476761,106.7817145,10,299.71558701235574,0,2,0
-6.2410821,106.7629435,2,54.90016354629118,0,2,0
-6.225558899999999,106.7751594,3,464.9785792680042,0,2,0
-6.227386999999999,106.772065,1,721.0614790418007,0,2,0
-6.239336199999999,106.7710655,4,184.20769169925148,0,2,1
-6.2375076,106.7638955,3,460.85288311776947,0,2,1
-6.247976299999999,106.7728671,3,308.1798574796757,0,2,0
-6.2443344,106.7725693,3,99.18197972707189,0,2,0
-6.2253634,106.7782561,2,297.8138297650939,0,2,0
-6.2443244,106.7993621,8,234.412613437512,0,2,0
-6.2475986,106.7632979,1,169.82745440029473,0,2,0
-6.2476908,106.7976133,8,281.43623290030644,0,2,0
-6.236108,106.7608682,8,302.44733134011756,0,2,1
-6.233315999999999,106.7605835,6,1.1027421020125368,1,2,1
-6.207027699999999,106.7847179,2,153.8835107956874,0,2,0
-6.2288581,106.7857419,1,48.70518238642228,1,2,0
-6.2083321,106.7882096,1,538.2021332932602,0,2,0
-6.2550721,106.7974134,7,110.22036855815409,0,2,0
-6.2511809,106.7781617,7,381.0623460418954,0,2,0
-6.2523025,106.7913861,8,337.99078671135885,0,2,0
-6.254561799999999,106.7958583,6,73.12481850248155,0,2,0
-6.2511828,106.7813003,10,95.64766461555982,0,2,0
-6.2503084,106.7941812,7,45.66142266026723,1,2,0
-6.2534879,106.7758737,4,31.057708324935366,1,2,0
-6.257153,106.784136,3,126.63103352703732,0,2,0
-6.2505751,106.7834542,8,118.59750354446571,0,2,0
-6.2532473,106.7993526,5,242.22279364626255,0,2,0
-6.2550595,106.7974126,7,109.8786041551512,0,2,0
-6.231106,106.7557339,3,348.18809467242363,0,2,0
-6.241212699999999,106.7563251,4,45.404683888004286,1,2,0
-6.2451289,106.7569883,2,397.2657980663859,0,2,0
-6.2364187,106.7579387,8,122.90023579945209,0,2,1
-6.2337088,106.7574351,8,11.504346132554318,1,2,1
-6.254884199999999,106.7566629,0,565.4397616982882,0,2,1
-6.228395799999999,106.7606678,3,83.3249945436781,0,2,0
-6.237529299999999,106.7545527,9,265.76999134168386,0,2,0
-6.2262773,106.7574534,5,2.6485283910157325,1,2,1
-6.2241206,106.7548738,4,370.33272788695257,0,2,1
-6.240787699999999,106.7915935,2,198.7272476708014,0,2,1
-6.2576627,106.7683716,4,87.02841604182093,0,2,0
-6.2454911,106.80124,8,16.59298508824409,1,2,0
-6.2425243,106.8022062,9,104.08945209380548,0,2,0
-6.246081800000001,106.7998046,7,176.5505501139149,0,2,0
-6.244421399999999,106.8015382,8,108.43769774822066,0,2,0
-6.261597099999999,106.7569951,2,739.8923221287123,0,2,0
-6.2487206,106.754172,3,310.7462223514348,0,2,1
-6.2579731,106.8006317,6,249.2997940165254,0,2,0
-6.263565799999999,106.7568792,1,725.8217849691347,0,2,0
-6.263351900000001,106.7986876,8,294.438097853609,0,2,0
-6.2710224,106.7578861,4,173.5218003575143,0,2,0
-6.272082,106.8009549,3,466.44261046281264,0,2,0
-6.2393471,106.8107088,3,68.32246098556486,0,1,1
-6.2460531,106.8074507,0,693.3711410560591,0,2,0
-6.266423,106.8061697,3,458.1893842145193,0,2,0
-6.2620838,106.8056991,2,476.00547872138856,0,2,0
-6.266061,106.7975764,11,73.23582499553868,0,2,0
-6.2255721,106.8163936,1,317.20581129004717,0,1,0
-6.2249707,106.807775,0,1267.9631362413472,0,1,0
-6.285409400000001,106.8379601,1,515.3465510588177,0,0,0
-6.284196499999999,106.8380562,2,494.8635885219239,0,0,0
-6.2858816,106.8301102,2,98.37579661040456,0,0,0
-6.2599244,106.8548204,5,376.3544552651565,0,1,0
-6.291164699999999,106.8129499,3,180.75283543207527,0,0,0
-6.2957984,106.8366216,2,22.749026730103825,1,0,0
-6.298130500000001,106.8299386,0,598.9545190090552,0,0,0
-6.2892776,106.8242394,2,22.317923992449256,1,0,0
-6.2917269,106.8165986,1,500.5112807561062,0,0,0
-6.301390500000001,106.8214132,0,568.9653682114566,0,0,0
-6.297004200000001,106.8154176,1,353.7653889410475,0,0,0
-6.2905671,106.8235708,2,181.15362171893338,0,0,0
-6.2965402,106.8005802,1,481.9782916170582,0,0,0
-6.303428299999999,106.8267375,1,130.78414314102278,0,0,0
-6.291435099999999,106.8419087,3,297.3011976426872,0,0,1
-6.2961348,106.843599,5,99.97720771422571,0,0,0
-6.3041554,106.8438925,5,93.26932376772328,0,0,0
-6.3039672,106.8508534,5,94.60321833754276,0,0,0
-6.295587599999999,106.8453943,4,183.34051316461702,0,0,0
-6.3045613,106.8437533,5,99.91569768611257,0,0,0
-6.2993709,106.8399129,3,141.82054547707241,0,0,0
-6.2914141,106.8419168,3,296.35777580378544,0,0,1
-6.305132,106.8502399,5,53.568371293835305,0,0,0
-6.3029362,106.8475626,7,102.26370977553734,0,0,0
-6.287836299999999,106.8293824,2,240.0966063233765,0,0,0
-6.3104305,106.8159192,2,251.50709815598344,0,0,0
-6.3085045,106.8381817,8,114.47771757996406,0,0,0
-6.3075195,106.8358518,5,77.73595519314006,0,0,0
-6.3180584,106.8113141,2,863.4227621855271,0,0,0
-6.3203625,106.8106762,2,849.2603825806126,0,0,0
-6.3075877,106.8039904,1,630.6680645858528,0,0,0
-6.313857899999999,106.8255294,3,129.66660339037549,0,0,0
-6.3098246,106.8139564,2,46.08882088879288,1,0,0
-6.3187172,106.8157181,2,385.84554155691734,0,0,0
-6.3119122,106.838572,4,22.88501503835212,1,0,0
-6.321487500000001,106.8251361,2,39.69228820663681,1,0,0
-6.323935700000001,106.8372384,2,200.1599393787813,0,0,0
-6.317959699999999,106.8250448,4,113.32672699680269,0,0,0
-6.3273649,106.8163662,4,24.619809578390964,1,0,0
-6.3245479,106.8301569,4,27.143165917025975,1,0,0
-6.324972,106.8335444,5,274.1006387468631,0,0,0
-6.325327300000001,106.8198997,4,245.52478250265062,0,0,0
-6.330877699999999,106.8343701,5,71.27345438613833,0,0,1
-6.3268289,106.8278567,5,167.05072259526793,0,0,0
-6.3064437,106.8305633,0,500.2892917993197,0,0,0
-6.331093399999999,106.8292052,3,439.80072956099184,0,0,1
-6.3245086,106.8113082,2,443.97734294696835,0,0,0
-6.3322727,106.8204749,0,597.6441918468759,0,0,0
-6.2736879,106.8335799,0,548.1763838486479,0,1,0
-6.236263,106.74756,5,38.51714058438454,1,2,0
-6.228463899999999,106.7470185,6,230.99948675464418,0,2,0
-6.235983099999999,106.7512009,8,99.91095269869805,0,2,0
-6.242818199999999,106.7519549,6,13.802158758436276,1,2,0
-6.2366825,106.7501446,8,217.5737599405974,0,2,0
-6.228802099999999,106.7468449,6,189.86999839301427,0,2,0
-6.226289899999999,106.7402377,2,473.4869126086351,0,2,0
-6.2303346,106.7508204,4,384.54054064566776,0,2,0
-6.2240492,106.7547125,4,389.1066369918954,0,2,1
-6.230582300000001,106.7456635,3,55.8469728923939,0,2,0
-6.2333969,106.7515457,5,190.28151495205145,0,2,0
-6.2431066,106.7485969,4,11.33500560351092,1,2,0
-6.246344,106.7517615,4,61.41217638644577,0,2,0
-6.2683369,106.7576132,3,320.8961916035886,0,2,0
-6.2724123,106.7527205,2,324.2398601176826,0,2,0
-6.3588485,106.8064644,6,387.3389759392453,0,0,0
-6.3566026,106.8093138,8,56.63638440034296,0,0,0
-6.3629815,106.8068578,3,41.57508548471779,1,0,0
-6.3406939,106.8044744,4,62.97537372697704,0,0,0
-6.3517988,106.810539,4,16.885527418543546,1,0,0
-6.3442002,106.8017057,5,310.8263818280078,0,0,0
-6.3589526,106.8065455,6,385.4445244429726,0,0,0
-6.3464005,106.8143894,4,181.0558726858743,0,0,0
-6.3461701,106.8028596,4,241.82722661591453,0,0,1
-6.351852500000001,106.807109,4,367.6875567410442,0,0,0
-6.3581175,106.8118531,6,26.20929711858198,1,0,0
-6.3448961,106.8089498,3,178.70620862453518,0,0,0
-6.350038899999999,106.8016393,3,85.45435814114958,0,0,1
-6.3440661,106.8121865,4,251.52473046784388,0,0,0
-6.3541376,106.8108413,9,83.26898011425023,0,0,0
-6.3407538,106.8045153,4,55.157322549061114,0,0,0
-6.3628912,106.802243,2,19.320491592446164,1,0,0
-6.3523913,106.8185399,2,43.36285579434836,1,0,0
-6.3333248,106.8350508,4,12.845425199428,1,0,1
-6.3451713,106.8294743,3,101.86756020180371,0,0,0
-6.3455694,106.8262261,3,107.73280702555758,0,0,0
-6.3411344,106.8274065,3,23.760970759180516,1,0,0
-6.335050799999999,106.8131039,1,37.894118409689476,1,0,0
-6.3387782,106.8218532,0,648.0058330502061,0,0,0
-6.335074,106.8273801,3,110.0438165184561,0,0,0
-6.3349815,106.8344234,5,186.6940184415742,0,0,1
-6.313039300000001,106.8000683,5,38.56743133809123,1,0,0
-6.3081054,106.7981876,1,43.681415289039045,1,0,0
-6.310845,106.8031917,4,262.68085743945335,0,0,0
-6.2557519,106.790021,4,72.2140094644602,0,2,0
-6.2371779,106.7826854,3,32.84806691605961,1,2,0
-6.2104472,106.8230337,6,5.169272054631611,1,1,1
-6.2105197,106.8242588,6,136.0318666878936,0,1,1
-6.206626099999999,106.8267823,3,289.71313074022316,0,1,0
-6.230163699999999,106.8183432,5,43.114988024915185,1,1,0
-6.2350141,106.821856,1,514.5130019195367,0,1,0
-6.2048824,106.8226389,2,471.82696061585114,0,1,0
-6.302203,106.7919364,2,394.2039978797088,0,0,0
-6.3070032,106.7936899,6,217.68209738198235,0,0,0
-6.3013439,106.7805495,4,287.33074031122953,0,0,0
-6.3043705,106.7951843,3,149.87275550708364,0,0,0
-6.2776029,106.7794317,3,324.00917864027315,0,2,0
-6.3009042,106.7806588,4,330.64185862648685,0,0,0
-6.305912300000001,106.7816935,4,82.24957841388793,0,0,0
-6.3101176,106.780875,2,396.65845777627175,0,0,0
-6.2974692,106.7824281,2,701.5835861324485,0,0,0
-6.310976699999999,106.7934225,7,60.240859644399194,0,0,1
-6.3118874,106.7902907,4,189.6339324734803,0,0,1
-6.283199900000001,106.7926034,4,104.14760403768128,0,2,1
-6.2942065,106.7950223,7,37.90661688713191,1,0,0
-6.3131032,106.7963693,6,55.87037099161291,0,0,1
-6.311003200000001,106.7935373,7,56.14899691529953,0,0,1
-6.2977921,106.7762749,1,278.96324626529366,0,0,0
-6.2512092,106.7780693,7,371.3815148781676,0,2,0
-6.2258363,106.8576173,12,113.85683714928355,0,1,0
-6.233994099999999,106.8496706,3,450.54794175552945,0,1,0
-6.2392783,106.832538,2,547.2228692524228,0,1,0
-6.225838,106.8587398,16,8.50430649811249,1,1,0
-6.2349423,106.8570767,4,162.63206277047183,0,1,1
-6.238003099999999,106.8602481,4,110.4432373664048,0,1,1
-6.2210936,106.8542056,8,368.05478927479885,0,1,1
-6.2296444,106.8533086,4,221.0008554603816,0,1,0
-6.253404799999999,106.8401304,4,39.30271035248048,1,1,0
-6.2425745,106.8586384,7,384.8167773899177,0,1,0
-6.2435925,106.8322469,7,70.17349482689453,0,1,1
-6.2295531,106.8467864,2,82.86520106838067,0,1,0
-6.233449999999999,106.85983,3,465.38893264844063,0,1,1
-6.2233659,106.8491521,7,330.3960048688671,0,1,0
-6.249124,106.8586472,10,74.95103084935104,0,1,1
-6.2472825,106.8318862,8,98.19607286516673,0,1,1
-6.2514477,106.8618801,6,6.205911389324194,1,1,0
-6.2177142,106.8386021,4,461.95912621816285,0,1,0
-6.240856200000001,106.860392,4,207.35018593822383,0,1,0
-6.246529199999999,106.8553284,8,47.6031223648408,1,1,1
-6.2218534,106.8588398,12,310.307732918823,0,1,0
-6.2512721,106.8313689,4,403.13041517539034,0,1,0
-6.2516637,106.8500804,2,22.64822138996438,1,1,0
-6.231533199999999,106.8595579,2,550.6221063562912,0,1,1
-6.232115299999999,106.8526155,3,236.32448822031932,0,1,0
-6.2422578,106.8586157,7,381.09762686353776,0,1,0
-6.2209506,106.8501247,6,323.7467146384801,0,1,0
-6.2499501,106.8363977,5,22.24490509382048,1,1,0
-6.2481087,106.8334975,7,230.8683670435015,0,1,1
-6.234524,106.839845,1,104.45089484082146,0,1,0
-6.247007399999999,106.8432948,1,95.25279588154534,0,1,0
-6.2247584,106.8629242,11,55.61256591348129,0,1,0
-6.2494,106.84871,2,281.38485966968386,0,1,0
-6.2198946,106.8557831,5,573.3347650044004,0,1,1
-6.223748899999999,106.8551894,17,274.93810407436945,0,1,0
-6.22884,106.83263,1,847.7180617981048,0,1,0
-6.242746899999999,106.8545314,9,36.35983685934132,1,1,0
-6.218932499999999,106.8302356,6,39.73091738027456,1,1,0
-6.2168284,106.8551025,2,845.7369215183843,0,1,1
-6.217207399999999,106.8442193,9,113.12852723461643,0,1,0
-6.2436208,106.8322451,7,67.21706793731336,0,1,1
-6.225860000000001,106.8587594,16,6.214263762656133,1,1,0
-6.2433977,106.8291506,6,372.70326897680366,0,1,0
-6.2550819,106.8562552,5,143.02608059253453,0,1,0
-6.2256225,106.8301711,2,426.6761240959198,0,1,0
-6.2258337,106.8589905,16,11.994381940238707,1,1,0
-6.2212139,106.856739,5,458.1354935002511,0,1,1
-6.252869899999999,106.8376863,6,138.94946803219958,0,1,0
-6.2258686,106.8586468,16,18.69340953030138,1,1,0
-6.216512,106.8278755,6,335.93927801695827,0,1,1
-6.2140038,106.8427878,15,197.05496517321984,0,1,0
-6.2130459,106.825213,9,300.0521290638214,0,1,1
-6.2303643,106.8218469,5,333.4969937126719,0,1,0
-6.2457614,106.8258046,5,346.1595936361145,0,1,0
-6.2140499,106.8468344,7,374.80558455069627,0,1,0
-6.227136199999999,106.8550131,13,162.0204931153346,0,1,0
-6.2138855,106.8266392,5,449.1422452035556,0,1,1
-6.2125368,106.8445336,14,348.4573395028457,0,1,0
-6.243284,106.8259296,3,418.1496003750613,0,1,0
-6.214059499999999,106.8468424,7,374.91004687524725,0,1,0
-6.2154088,106.8281067,6,363.51144140963186,0,1,1
-6.216337999999999,106.8203685,5,19.48879434383072,1,1,0
-6.2119276,106.8380365,9,372.3318707897737,0,1,0
-6.210939,106.8421901,10,44.5463852663579,1,1,0
-6.213625899999999,106.8206906,7,307.21774714545364,0,1,0
-6.2107225,106.8508269,3,230.68085580763926,0,1,0
-6.2510088,106.8216417,5,169.8067269774109,0,1,0
-6.210930299999999,106.8421876,10,43.61150105837479,1,1,0
-6.230415799999999,106.8213373,5,332.14785424448166,0,1,0
-6.209969699999999,106.8503501,3,132.88286327234644,0,1,0
-6.245896,106.8555588,8,9.085423983248546,1,1,0
-6.2140737,106.8402247,13,81.1155917674753,0,1,0
-6.214008799999999,106.842788,15,196.53118901867438,0,1,0
-6.2197686,106.8511829,4,443.95502482661755,0,1,1
-6.253431399999999,106.8216615,2,438.6705734806226,0,1,1
-6.2491889,106.8186279,4,316.4974639958696,0,1,0
-6.252799599999999,106.8268128,3,149.4694587189888,0,1,1
-6.2572531,106.8177386,2,433.8849324972559,0,1,0
-6.245465,106.8186523,7,314.36060783358715,0,1,0
-6.2527525,106.8268743,3,154.2291903981232,0,1,1
-6.2193385,106.8344896,4,273.54705149081593,0,1,0
-6.248098499999999,106.8289238,5,193.93330510465378,0,1,0
-6.258382999999999,106.8253662,0,502.94381562562126,0,1,1
-6.261753499999999,106.8336621,4,344.49618197857825,0,1,0
-6.2658257,106.8352335,4,490.89757944081623,0,1,0
-6.2662632,106.8239456,2,215.00080856233396,0,1,0
-6.2579807,106.8499505,6,132.3121755459827,0,1,0
-6.2624146,106.8482494,2,427.06276455005957,0,1,0
-6.2614857,106.8419188,3,119.13236055980857,0,1,0
-6.257284599999999,106.8526894,9,26.968405362055105,1,1,0
-6.265602599999999,106.8508493,3,339.583373716312,0,1,0
-6.2661947,106.8408908,2,501.85019366361684,0,1,0
-6.2527202,106.826871,3,157.83372754191075,0,1,1
-6.2679459,106.8470626,3,484.80781132903957,0,1,0
-6.272520099999999,106.8383983,5,90.81015566184084,0,1,0
-6.2721008,106.8485963,4,8.147281370021963,1,1,0
-6.2692393,106.8377635,6,24.488830817165756,1,1,0
-6.273202299999999,106.8474613,3,181.65048473725267,0,1,0
-6.2768681,106.8415746,1,125.3536709375838,0,1,0
-6.2691579,106.8378314,6,34.550989036454325,1,1,0
-6.2523984,106.8145319,3,65.4063235163969,0,1,0
-6.240049200000001,106.818981,3,256.55406505392176,0,1,0
-6.2440528,106.8161758,6,0.21584758889440006,1,1,0
-6.2385571,106.8170846,3,0.04421463635147021,1,1,1
-6.2730548,106.8150264,2,51.51855177026053,0,1,0
-6.2433743,106.8156896,6,87.93401995429653,0,1,0
-6.2795707,106.8349757,3,163.24096872447166,0,1,0
-6.2777493,106.8270138,0,741.9766941464268,0,1,0
-6.279772899999999,106.8375655,4,95.15114947359858,0,1,0
-6.277224899999999,106.8204814,1,530.1592095032647,0,0,0
-6.273941199999999,106.8189054,3,461.9755090267397,0,1,0
-6.2726555,106.8465858,3,233.70014525214637,0,1,0
-6.2300567,106.8187181,5,43.114988024915185,1,1,0
-6.226305,106.8191669,4,254.4975775357791,0,1,0
-6.266535999999999,106.8103135,3,410.9202953581319,0,2,0
-6.2426448,106.787694,1,477.94710546543985,0,2,1
-6.220866099999999,106.7786611,1,307.9418840102428,0,2,0
-6.2483201,106.7900754,5,35.41345328298296,1,2,0
-6.228025,106.7785565,3,297.8138297650939,0,2,0
-6.247626299999999,106.7785018,7,51.706287299423224,0,2,0
-6.2284805,106.7855186,1,48.70518238642228,1,2,0
-6.233785,106.7573647,8,11.504346132554318,1,2,1
-6.2375671,106.7690621,3,296.20357429996875,0,2,1
-6.241620699999999,106.7563085,5,45.404683888004286,1,2,0
-6.250438,106.7817332,10,95.64766461555982,0,2,0
-6.2466634,106.7620832,1,169.82745440029473,0,2,0
-6.2534671,106.7755935,4,31.057708324935366,1,2,0
-6.2373959,106.7584582,7,122.90023579945209,0,2,1
-6.236351,106.7872294,0,504.3643310136241,0,2,0
-6.246897499999999,106.7898721,4,173.65899448017174,0,2,0
-6.2521128,106.783147,7,174.32374976468884,0,2,0
-6.2351522,106.7576759,9,143.79339386717115,0,2,1
-6.2262738,106.7574297,5,2.6485283910157325,1,2,1
-6.2382658,106.7723374,4,69.28642907478573,0,2,1
-6.2547162,106.7836782,7,275.6446516524277,0,2,0
-6.2495325,106.7836804,7,118.59750354446571,0,2,0
-6.2452254,106.7725276,3,91.8978036017051,0,2,0
-6.2374573,106.7825889,3,32.84806691605961,1,2,0
-6.2333072,106.7605881,6,1.1027421020125368,1,2,1
-6.2498001,106.7567651,1,310.7462223514348,0,2,1
-6.2516093,106.7831185,8,120.83626262308044,0,2,0
-6.2276746,106.7604631,3,83.3249945436781,0,2,0
-6.2546937,106.7837214,7,277.275328890716,0,2,0
-6.2553617,106.790579,4,75.40987811854966,0,2,0
-6.241565200000001,106.763046,2,54.90016354629118,0,2,0
-6.2562549,106.7620386,2,254.83660152500863,0,2,0
-6.2415428,106.793223,2,198.7272476708014,0,2,1
-6.257043599999999,106.7772368,3,170.81443099675704,0,2,0
-6.2136295,106.7798298,0,512.195582844769,0,2,0
-6.207507300000001,106.7834121,1,153.8835107956874,0,2,0
-6.2187475,106.7937508,2,192.73420091114093,0,2,0
-6.2799761,106.79663,5,155.0561358919033,0,2,0
-6.2600554,106.796534,4,59.628076322747326,0,2,0
-6.292159799999999,106.7715761,1,766.5672596186148,0,2,0
-6.267619600000001,106.7970639,11,65.23403543143853,0,2,0
-6.277399399999999,106.7765074,6,3.346114566061062,1,2,0
-6.2623865,106.7887372,2,35.81390641205812,1,2,0
-6.2706697,106.7969812,7,136.50085817432344,0,2,0
-6.2943276,106.7947017,7,37.90661688713191,1,0,0
-6.266555299999999,106.774843,6,110.69136745260145,0,2,0
-6.274661099999999,106.7633277,3,209.69862943532186,0,2,0
-6.259331,106.789079,5,377.3769312451969,0,2,0
-6.2609176,106.7672296,7,4.749596538879605,1,2,0
-6.275189699999999,106.7734774,4,287.4640481164746,0,2,0
-6.282293699999999,106.7923652,3,84.56248738631723,0,2,0
-6.2644372,106.7750567,4,69.70361240477732,0,2,0
-6.265090300000001,106.7661347,6,65.49256166077868,0,2,0
-6.2904353,106.7954148,6,85.9537032167827,0,0,1
-6.267047499999999,106.792991,5,180.17317049018985,0,2,0
-6.2829676,106.7717234,2,22.26424290176136,1,2,0
-6.2874722,106.7768054,3,299.9145267586826,0,2,0
-6.2644227,106.7750253,4,67.8714842151052,0,2,0
-6.2633835,106.7634433,5,36.90738478773404,1,2,0
-6.258382699999999,106.7680629,4,87.02841604182093,0,2,0
-6.2844107,106.7809859,3,16.839076590453818,1,2,0
-6.2962773,106.7897248,3,54.306063737623205,0,0,0
-6.275048399999999,106.7735843,5,305.63015772917447,0,2,0
-6.2756386,106.762513,2,75.28266587957735,0,2,0
-6.258272300000001,106.7839248,3,126.63103352703732,0,2,0
-6.2799786,106.7724433,3,257.40979939208825,0,2,0
-6.2706111,106.7594005,3,173.5218003575143,0,2,0
-6.270978599999999,106.7638361,2,613.3020199332447,0,2,0
-6.2665447,106.7971267,12,46.97171780172848,1,2,0
-6.287512299999999,106.7906552,1,81.85114518892868,0,2,0
-6.247622199999999,106.7950681,5,281.43623290030644,0,2,0
-6.255731399999999,106.790674,4,72.2140094644602,0,2,0
-6.2506507,106.793953,7,45.66142266026723,1,2,0
-6.254885799999999,106.796434,5,73.12481850248155,0,2,0
-6.2468046,106.7948782,5,317.9778447618346,0,2,0
-6.2542811,106.8012815,4,242.22279364626255,0,2,0
-6.259575099999999,106.8022096,2,249.2997940165254,0,2,0
-6.2657246,106.7998702,10,213.76315646863625,0,2,0
-6.274270899999999,106.7549809,3,324.2398601176826,0,2,0
-6.269869099999999,106.7545909,4,350.30014637652283,0,2,0
-6.245343399999999,106.8012186,8,16.59298508824409,1,2,0
-6.2417419,106.8016892,8,104.08945209380548,0,2,0
-6.2392731,106.8100952,3,68.32246098556486,0,1,1
-6.240064299999999,106.8042097,3,351.94903063782897,0,2,0
-6.216807999999999,106.8179903,4,207.11987657057273,0,1,0
-6.2407841,106.8035925,4,246.82820283766478,0,2,0
-6.236459,106.8006485,0,696.0637197837942,0,2,0
-6.2670737,106.8019836,5,468.3154219488422,0,2,0
-6.2776194,106.801396,2,381.41273562011764,0,2,0
-6.2856815,106.8292432,2,98.37579661040456,0,0,0
-6.2895993,106.8399531,2,296.35777580378544,0,0,1
-6.2891661,106.8244073,2,22.317923992449256,1,0,0
-6.289572,106.8126228,2,180.75283543207527,0,0,0
-6.2929597,106.803038,1,481.9782916170582,0,0,0
-6.2927034,106.8100407,2,364.22777263168274,0,0,0
-6.310429000000001,106.8373362,7,214.13726977133433,0,0,0
-6.3163063,106.8361512,0,557.0585550871673,0,0,0
-6.3077549,106.8388917,9,114.47771757996406,0,0,0
-6.3001102,106.8147245,2,353.7653889410475,0,0,0
-6.3022797,106.8264828,1,130.78414314102278,0,0,0
-6.3071224,106.8350381,5,100.18700090026564,0,0,0
-6.302779399999999,106.8144748,1,650.5729833764806,0,0,0
-6.316942099999999,106.8251017,4,113.32672699680269,0,0,0
-6.313207200000001,106.8032178,3,262.68085743945335,0,0,0
-6.312712599999999,106.8257501,2,129.66660339037549,0,0,0
-6.312118,106.838574,4,22.88501503835212,1,0,0
-6.307295,106.8351857,5,77.73595519314006,0,0,0
-6.2959898,106.8365489,1,22.749026730103825,1,0,0
-6.3179633,106.8191259,1,385.84554155691734,0,0,0
-6.309416199999999,106.8138852,2,46.08882088879288,1,0,0
-6.3044692,106.8398007,6,436.9716771506551,0,0,0
-6.2984046,106.8407504,5,141.82054547707241,0,0,0
-6.2955397,106.841134,9,280.36374136184946,0,0,0
-6.3212652,106.8254171,3,39.69228820663681,1,0,0
-6.2967705,106.8442387,5,99.97720771422571,0,0,0
-6.3027653,106.8484869,5,103.90884276461986,0,0,0
-6.296903299999999,106.8410754,6,291.71591897483415,0,0,0
-6.3047898,106.8422906,5,163.6458604520992,0,0,0
-6.3274385,106.8165763,4,24.619809578390964,1,0,0
-6.3286377,106.8244583,2,426.0467868597313,0,0,0
-6.3267655,106.8215854,2,245.52478250265062,0,0,0
-6.3271403,106.8293354,4,167.05072259526793,0,0,0
-6.3270311,106.8144222,4,218.02912202056862,0,0,0
-6.3027698,106.8484726,5,102.26370977553734,0,0,0
-6.3243592,106.8300011,4,27.143165917025975,1,0,0
-6.3283086,106.8342246,3,286.12349665615176,0,0,1
-6.315443900000001,106.8430878,0,635.0663748034027,0,0,0
-6.309573200000001,106.850957,0,500.1589226161001,0,0,0
-6.3271938,106.816634,4,35.184238746708765,1,0,0
-6.3306239,106.8349623,5,71.27345438613833,0,0,1
-6.2363047,106.7479354,6,41.75387840849255,1,2,0
-6.2350886,106.7512863,8,99.91095269869805,0,2,0
-6.230081999999999,106.7457079,5,55.8469728923939,0,2,0
-6.2260319,106.7445316,5,385.61654659521383,0,2,0
-6.2427534,106.7520614,6,13.802158758436276,1,2,0
-6.2364448,106.7524101,7,143.1818779128645,0,2,0
-6.2273784,106.7526256,3,384.54054064566776,0,2,1
-6.2458404,106.7519896,6,61.41217638644577,0,2,0
-6.2260342,106.7445134,5,386.8746583451793,0,2,0
-6.2430094,106.748566,4,11.33500560351092,1,2,0
-6.2363032,106.7479061,6,38.51714058438454,1,2,0
-6.3389038,106.8344498,1,436.15022195467634,0,0,0
-6.3359894,106.8270017,2,110.0438165184561,0,0,0
-6.3409759,106.8275507,3,23.760970759180516,1,0,0
-6.3390194,106.8285737,4,268.2307305901211,0,0,0
-6.333435799999999,106.835083,4,12.845425199428,1,0,1
-6.341221600000001,106.8046813,4,55.157322549061114,0,0,0
-6.3353411,106.8132835,1,37.894118409689476,1,0,0
-6.3234492,106.8354947,2,200.1599393787813,0,0,0
-6.3448658,106.8286053,5,101.86756020180371,0,0,0
-6.345517699999999,106.810441,3,178.70620862453518,0,0,0
-6.3447007,106.8044728,6,241.82722661591453,0,0,0
-6.3431267,106.8172234,2,480.21904542579966,0,0,0
-6.3360353,106.8081282,1,560.6851320258959,0,0,0
-6.346389599999999,106.8257072,3,107.73280702555758,0,0,0
-6.3450368,106.8152846,3,181.0558726858743,0,0,0
-6.3343032,106.8069313,1,687.2184763184104,0,0,0
-6.357054,106.8095512,8,56.63638440034296,0,0,0
-6.3492714,106.8016789,3,85.45435814114958,0,0,1
-6.358035099999999,106.8116309,6,26.20929711858198,1,0,0
-6.357146999999999,106.8095228,8,64.79123397909359,0,0,0
-6.3629942,106.8021022,1,19.320491592446164,1,0,0
-6.3633345,106.8067338,4,41.57508548471779,1,0,0
-6.3519106,106.8104356,4,16.885527418543546,1,0,0
-6.354785,106.8104626,9,83.26898011425023,0,0,0
-6.3518666,106.8010337,2,213.96750519510113,0,0,1
-6.352576699999999,106.8188851,2,43.36285579434836,1,0,0
-6.348487899999999,106.8200177,2,463.7475539543949,0,0,0
-6.350979499999999,106.8326992,0,737.6519697793822,0,0,0
-6.304666999999999,106.8503666,5,53.568371293835305,0,0,0
-6.3039748,106.8430684,4,93.26932376772328,0,0,0
-6.2104934,106.8230285,6,5.169272054631611,1,1,1
-6.2092301,106.8266949,6,289.71313074022316,0,1,1
-6.303783,106.7814079,5,238.86251375914566,0,0,0
-6.3065871,106.7813887,4,82.24957841388793,0,0,0
-6.305074599999999,106.794028,3,149.87275550708364,0,0,0
-6.3101879,106.7901479,5,189.6339324734803,0,0,1
-6.3037727,106.7821517,5,243.24297853516399,0,0,0
-6.3002921,106.776064,1,278.96324626529366,0,0,0
-6.3083256,106.7978603,2,43.681415289039045,1,0,0
-6.312744899999999,106.7967237,6,55.87037099161291,0,0,1
-6.311102099999999,106.7857304,1,511.5179116133951,0,0,0
-6.3105462,106.7937534,7,56.14899691529953,0,0,1
-6.288993199999999,106.7738201,3,483.04399620846937,0,2,0
-6.2795082,106.8072247,0,970.8415113108204,0,0,1
-6.3130741,106.8004155,5,38.56743133809123,1,0,0
-6.2086877,106.8245274,7,205.8618838328057,0,1,0
