place_id,nama_kelurahan,nama_kecamatan,nama_kota
ChIJaxj8TyDuaS4RmJ8rDkpB2GA,Cilandak Barat,Cilandak,Kota Jakarta Selatan
ChIJvy_4mvnxaS4RjjbhIFaTp4Y,Cilandak Timur,Pasar Minggu,Kota Jakarta Selatan
ChIJPz4W5BPvaS4RoUnKBAiaL3o,Pondok Labu,Cilandak,South Jakarta City
ChIJKZqyypTxaS4RkjwUtyXrkBY,Cilandak Barat,Cilandak,Kota Jakarta Selatan
ChIJzVqDlcTxaS4Rwlnqrz5hXbo,Gandaria Selatan,Cilandak,Kota Jakarta Selatan
ChIJ7aqqqinuaS4RKy68g0RuyMk,Lebak Bulus,Cilandak,Kota Jakarta Selatan
ChIJLWcbOM_xaS4RIMEFJuZjRvY,Pondok Pinang,Kebayoran Lama,Kota Jakarta Selatan
ChIJZW196Q7xaS4R95E7nWT6Da4,Jati Padang,Cilandak,Kota Jakarta Selatan
ChIJd-fx6q3xaS4RLtxCS_G0RvY,Pondok Pinang,Kebayoran Lama,Kota Jakarta Selatan
ChIJn2i-wMjxaS4RporVNR8Svs0,Pondok Pinang,Kebayoran Lama,Kota Jakarta Selatan
ChIJj-UaO5zxaS4RHGBB4QPZ-0Y,Cilandak Barat,Cilandak,Kota Jakarta Selatan
ChIJE1VVVbbxaS4R4pD7bmqkkgI,Pondok Pinang,Kebayoran Lama,Kota Jakarta Selatan
ChIJPd3qm93xaS4Ry_DGnmEAInk,Cilandak Barat,Cilandak,Kota Jakarta Selatan
ChIJSShBVZDxaS4Rte30BlBPAO4,Gandaria Selatan,Cilandak,Kota Jakarta Selatan
ChIJ-WTA4iHuaS4RhhDcoecn57U,Pondok Labu,Cilandak,Kota Jakarta Selatan
ChIJE1VVVbbxaS4R-dLB7PhRuak,Pondok Pinang,Kebayoran Lama,South Jakarta City
ChIJsbv9uN7xaS4RK2vE-f9VboA,Cilandak Barat,Cilandak,Kota Jakarta Selatan
ChIJm56pCbrxaS4RgzDUcFCWSR0,Pondok Pinang,Kebayoran Lama,Kota Jakarta Selatan
ChIJJesreyjuaS4RF1nrMU1l0JE,Lebak Bulus,Cilandak,Kota Jakarta Selatan
ChIJv01rArvxaS4RuUFeXimA3zk,Cilandak Barat,Cilandak,Kota Jakarta Selatan
ChIJXTAa0H_vaS4R5_VN2xv2sJA,Pondok Labu,Cilandak,Kota Jakarta Selatan
ChIJXQQSNpTxaS4RsGiRh1Rrct0,Gandaria Selatan,Cilandak,Kota Jakarta Selatan
ChIJF35byhHxaS4RhU4r6frWhIo,Cilandak Barat,Cilandak,Kota Jakarta Selatan
ChIJrTZnpp_xaS4RW53IaKnPsIc,West Cilandak,Cilandak,South Jakarta City
ChIJd96Hv-DxaS4RHJwKA-4iFZI,Cilandak Barat,Cilandak,Kota Jakarta Selatan
ChIJ-6Meqf_xaS4R99u9vNNVFjg,Ragunan,Pasar Minggu,Kota Jakarta Selatan
ChIJwcwxNEXvaS4RiKmoGQ6V0pU,Jagakarsa,Cilandak,Kota Jakarta Selatan
ChIJraDzUtLvaS4RD7IR82uJtEo,Lebak Bulus,Cilandak,Kota Jakarta Selatan
ChIJAQAAAOfxaS4R6wrqsJtf5pk,West Cilandak,Cilandak,South Jakarta City
ChIJBwBd3S_uaS4RMBfxWKiy408,Lebak Bulus,Cilandak,Kota Jakarta Selatan
ChIJJ3rNnQjuaS4RWjDJ-zFTzR0,Ragunan,Pasar Minggu,Kota Jakarta Selatan
ChIJs6y5G5HxaS4RurVX3sajfVU,Cipete Selatan,Cilandak,Kota Jakarta Selatan
ChIJDaAAxvjxaS4RX-J08P1H7ug,Cilandak Barat,Cilandak,Kota Jakarta Selatan
ChIJCTLyivjxaS4Rre-W6oaY4qE,Cilandak Timur,Pasar Minggu,Kota Jakarta Selatan
ChIJEaTZ42DxaS4R044D9l8J_vQ,Lebak Bulus,Cilandak,Kota Jakarta Selatan
ChIJteuioxnuaS4R3u6TiMK2DHc,Pondok Labu,Cilandak,Kota Jakarta Selatan
ChIJ5cZCSA_xaS4RWfbV5rM0sBg,Lebak Bulus,Cilandak,South Jakarta City
ChIJuZWfRT3uaS4RPJR0-gix6to,Pondok Labu,Cilandak,Kota Jakarta Selatan
ChIJbd1pUOfxaS4Rt-kFPuyDtsk,Cilandak Barat,Cilandak,Kota Jakarta Selatan
ChIJWagF6TzuaS4RChibXwRnJgA,Pondok Labu,Cilandak,Kota Jakarta Selatan
ChIJF9Syud7xaS4RCaXavhh53AA,Lebak Bulus,Jakarta,South Jakarta City
ChIJMRDIwMHxaS4RGxUodpMMNq8,Cilandak Barat,Cilandak,Kota Jakarta Selatan
ChIJ6yLv7KvxaS4RlTGBTyv0phM,Cilandak Barat,Cilandak,Kota Jakarta Selatan
ChIJsVZkdYnxaS4RtDwdFb5B2t0,Bangka,Mampang Prapatan,Kota Jakarta Selatan
ChIJN7p70X7xaS4R6VpOujMI_Wo,Bangka,Mampang Prapatan,Kota Jakarta Selatan
ChIJsZgWTnXxaS4R_vrbAMPG_9c,Gandaria Selatan,Cilandak,Kota Jakarta Selatan
ChIJwX02iFLxaS4RMQgSCQVBeVQ,Pulo,Kebayoran Baru,Kota Jakarta Selatan
ChIJCZIzrZ_xaS4RiJX_wvOeaH4,Gandaria Utara,Kebayoran Baru,Kota Jakarta Selatan
ChIJvygfS6HxaS4RL3sTDNNU6fY,Gandaria Utara,Kebayoran Baru,Kota Jakarta Selatan
ChIJperbNA3xaS4R4zKGAs61CVs,Pulo,Kebayoran Baru,Kota Jakarta Selatan
ChIJT8Q48HPxaS4RHGBGXmOUqp0,Pulo,Kebayoran Baru,Kota Jakarta Selatan
ChIJF69gRyfxaS4R72RSYGIDZyU,North Cipete,Kebayoran Baru,South Jakarta City
ChIJSdmaRR7yaS4Rz1S6S2xE9kw,Ragunan,Pasar Minggu,Kota Jakarta Selatan
ChIJXaV9uofxaS4R737kEcz9UiE,Bangka,Mampang Prapatan,Kota Jakarta Selatan
ChIJDwAAAJHxaS4RELZlVPfYtVg,Cipete Selatan,Cilandak,Kota Jakarta Selatan
ChIJAQAAAJ3xaS4R3VfdB1vHqnw,Cipete Utara,Kebayoran Baru,Kota Jakarta Selatan
ChIJDwAAAJHxaS4RjyudUxZZxus,Cipete Selatan,Jakarta Selatan,Kota Jakarta Selatan
ChIJDVvROIbxaS4RE-sW0bxd2kc,Bangka,Mampang Prapatan,Kota Jakarta Selatan
ChIJFb9gM5jxaS4Rq1wKzoM3qas,Gandaria Selatan,Cilandak,Kota Jakarta Selatan
ChIJ4dWEmRnxaS4RQFHJI6sgsqk,Gandaria Selatan,Cilandak,Kota Jakarta Selatan
ChIJ14sVU6LxaS4Rrt0AdBPZjQM,Gandaria Selatan,Cilandak,Kota Jakarta Selatan
ChIJYWqPfpfxaS4RB7eEa52T3-0,Cipete Selatan,Cilandak,Kota Jakarta Selatan
ChIJS0XcTYDxaS4R7ku6ssO11Gs,Bangka,Mampang Prapatan,Kota Jakarta Selatan
ChIJb-Coe5PxaS4Rq13QTJ2nq04,Pulo,Kebayoran Baru,Kota Jakarta Selatan
ChIJGQe3OH7xaS4RIoThryrl3zc,Bangka,Mampang Prapatan,Kota Jakarta Selatan
ChIJS-XZvAvxaS4R0DsvIJwCgMs,Gandaria Utara,Kebayoran Baru,Kota Jakarta Selatan
ChIJD3ss9gzxaS4RA85t5OGeHsk,Gandaria Utara,Kebayoran Baru,Kota Jakarta Selatan
ChIJtzSt1YTxaS4RFu6cHY0WKkQ,Cipete Selatan,Cilandak,Kota Jakarta Selatan
ChIJyzZxP67xaS4RMbpMyvQ2wbU,Cipete Selatan,Cilandak,Kota Jakarta Selatan
ChIJZbLLdm_xaS4R4cgyDKLeE8k,Kebayoran Lama Selatan,Kebayoran Lama,Kota Jakarta Selatan
ChIJDwH5C3bxaS4RcxF4-cn7X5g,Cipete Utara,Kebayoran Baru,Kota Jakarta Selatan
ChIJ0dTG_nzxaS4RT0V7owX_qpg,Pela Mampang,Mampang Prapatan,Kota Jakarta Selatan
ChIJXw0Sy5_xaS4RW8YkG7Tx-_8,Cipete Utara,Kebayoran Baru,Kota Jakarta Selatan
ChIJPUjazZzxaS4RUSIDkidVSQg,Cipete Utara,Kebayoran Baru,Kota Jakarta Selatan
ChIJna8wx9fxaS4RYJPoLhdWN9A,Bangka,Mampang Prapatan,Kota Jakarta Selatan
ChIJ_YNG5YDxaS4RQpg-Vbilhmw,Bangka,Mampang Prapatan,Kota Jakarta Selatan
ChIJd734LwfxaS4R9GSRMspZ-XE,Kebayoran Lama Selatan,Kebayoran Lama,Kota Jakarta Selatan
ChIJI231igTxaS4RKIR6Aki7DBw,Kebayoran Lama Utara,Kebayoran Lama,Kota Jakarta Selatan
ChIJkx-NPnL4aS4RDbS5_c6xsp4,Pondok Pinang,Kebayoran Lama,Kota Jakarta Selatan
ChIJ74HObQXxaS4RUip6zNyV5gE,Kebayoran Lama Selatan,Kebayoran Lama,Kota Jakarta Selatan
ChIJmeRBFrLxaS4RmHuZnxbwxI8,Pondok Pinang,Kebayoran Lama,Kota Jakarta Selatan
ChIJY1VVVQTxaS4RtmETuVP403E,Kebayoran Lama Selatan,Kebayoran Lama,Kota Jakarta Selatan
ChIJOwAAAAfxaS4RKTnNaZ1qgc4,Kebayoran Lama Selatan,Kebayoran Lama,Kota Jakarta Selatan
ChIJ_YPzTRbuaS4RBMIVZIUvApQ,Pondok Labu,Cilandak,Kota Jakarta Selatan
ChIJo6D2K9TxaS4RRAFRFQZF85I,Lebak Bulus,Cilandak,Kota Jakarta Selatan
ChIJI9WSpdXvaS4RyrpdfY2WyYA,Pondok Labu,Cilandak,Kota Jakarta Selatan
ChIJE1VVVbbxaS4RJVUwg--0dq4,Pondok Pinang,Kebayoran Lama,Kota Jakarta Selatan
ChIJWdlCSXPuaS4RzpIWwflyKKU,Jagakarsa,Jagakarsa,Kota Jakarta Selatan
ChIJP8XfLBHuaS4RUZWOBnFgxCo,Pondok Labu,Cilandak,Kota Jakarta Selatan
ChIJcQAAANntaS4RAesd4Pw1hXk,Jagakarsa,Jagakarsa,South Jakarta City
ChIJWQO5mgzuaS4RFP9F2gFfJyY,Jagakarsa,Jagakarsa,Kota Jakarta Selatan
ChIJnz15NXbuaS4RjtdQGUQE7gY,Jagakarsa,Jagakarsa,Kota Jakarta Selatan
ChIJp2612gruaS4R6xThXZZnoQw,Jagakarsa,Jagakarsa,Kota Jakarta Selatan
ChIJz_7MYxDuaS4RL6XfEsDgb-M,Pondok Labu,Cilandak,Kota Jakarta Selatan
ChIJ-bHiAPTxaS4RQJ3di8P7F2g,Pela Mampang,Mampang Prapatan,Kota Jakarta Selatan
ChIJETmoJH3xaS4R8_bMnW8Vt74,Pela Mampang,Jakarta Selatan,Kota Jakarta Selatan
ChIJh3nZSBvxaS4RZ-S7enqBkV0,Kebayoran Lama Utara,Kebayoran Lama,Kota Jakarta Selatan
ChIJR9-Fph3xaS4R5_wCOsFGSn0,Kebayoran Lama Utara,Kebayoran Lama,Kota Jakarta Selatan
ChIJhV_DfRrxaS4Ry97kNCuA-dY,Kebayoran Lama Utara,Kebayoran Lama,Kota Jakarta Selatan
ChIJM0m-HlLxaS4R1ijwvB3yJVg,Kebayoran Lama Utara,Kebayoran Lama,Kota Jakarta Selatan
ChIJFzBJ_bTxaS4R8JON9mw_ULs,Pondok Pinang,Kebayoran Lama,Kota Jakarta Selatan
ChIJTTG_z9jtaS4RnfCTBd_V_Sw,Jagakarsa,Jagakarsa,Kota Jakarta Selatan
ChIJnfhFPGLtaS4R8RAXOhmLRC4,Jagakarsa,Jagakarsa,Kota Jakarta Selatan
ChIJFxAcIIjuaS4RYFvViU4kKeA,Ciganjur,Jagakarsa,Kota Jakarta Selatan
ChIJ9SsEQJvuaS4RNq5qlCDIJtw,Cipedak,Jagakarsa,Kota Jakarta Selatan
ChIJ-2nJhS7saS4RpCO7nEHGBsU,Srengseng Sawah,Jagakarsa,Kota Jakarta Selatan
ChIJh-0yE4nuaS4RT4cgaf1ZTk8,Cipedak,Jagakarsa,Kota Jakarta Selatan
ChIJF2LOzoPuaS4RGhpeBivt3Zk,Cipedak,Jagakarsa,Kota Jakarta Selatan
ChIJ69Imd5nuaS4R4l3iPtF1Wmw,Cipedak,Jagakarsa,Kota Jakarta Selatan
ChIJK1AskZ3vaS4REypC6pL89EA,Ciganjur,Jagakarsa,Kota Jakarta Selatan
ChIJ3YjtL_zvaS4Rnl104wRCVD8,Cipedak,Jagakarsa,Kota Jakarta Selatan
ChIJ-Q7w6dTtaS4RDEfVifDRyGE,Ciganjur,Jagakarsa,Kota Jakarta Selatan
ChIJ7WecLyzvaS4Rn9KPGUD4Ljg,Cipedak,Jagakarsa,Kota Jakarta Selatan
ChIJw0MeY4buaS4RXvv9hDhmtt4,Ciganjur,Jagakarsa,Kota Jakarta Selatan
ChIJ6cQUFo7uaS4R-_kInWNWM1E,Cipedak,Jagakarsa,Kota Jakarta Selatan
ChIJZ5dPNIHuaS4RrO2wSc7g9dk,Ciganjur,Jagakarsa,Kota Jakarta Selatan
ChIJ3TQhlPPtaS4R4L49oeHOWVI,Srengseng Sawah,Jagakarsa,Kota Jakarta Selatan
ChIJky3nmJvuaS4RnXLQI2QE2oc,Cipedak,Jagakarsa,Kota Jakarta Selatan
ChIJodfZVs3taS4Rnyv5NOI9wSw,Jagakarsa,Jagakarsa,Kota Jakarta Selatan
ChIJ17YTyN3taS4RJt9KCDT3YEg,Jagakarsa,Jagakarsa,South Jakarta City
ChIJbT3_jyfsaS4R717sP2FKYyI,Srengseng Sawah,Jagakarsa,Kota Jakarta Selatan
ChIJOQ-JH4juaS4Rk2w7its6a8g,Ciganjur,Jagakarsa,Kota Jakarta Selatan
ChIJU4w3LnrtaS4RuMgFlMLq-BI,Kebagusan,Pasar Minggu,Kota Jakarta Selatan
ChIJ3xl_LJnuaS4RzgLSN1FMvfI,Srengseng Sawah,Jagakarsa,Kota Jakarta Selatan
ChIJDWcZHNvtaS4RroTyX5d4o2g,Jagakarsa,Jagakarsa,Kota Jakarta Selatan
ChIJZWTzI9DtaS4Ra2YhrND7ULo,Jagakarsa,Jagakarsa,Kota Jakarta Selatan
ChIJJziCLpjuaS4RBqFo3rWHDkM,Cipedak,Jagakarsa,Kota Jakarta Selatan
ChIJ6Tll06LuaS4R9zTIOA9Y0rs,Cipedak,Jagakarsa,Kota Jakarta Selatan
ChIJo81VL5juaS4RMjW6kId9FZ8,Cipedak,Jagakarsa,Kota Jakarta Selatan
ChIJa2uK2LDuaS4Ru1GfEJttx8E,Cipedak,Jagakarsa,Kabupaten Bogor
ChIJTWBpu73uaS4RDjpmaVM2yCU,Cipedak,Jagakarsa,Kota Jakarta Selatan
ChIJJaTMDg_taS4R60wVAmauYTQ,Srengseng Sawah,Jagakarsa,Kota Jakarta Selatan
ChIJx0ubeSPtaS4RHy0oOTeBz3s,Lenteng Agung,Jagakarsa,Kota Jakarta Selatan
ChIJpV0lAS7saS4RivjWQPg7JxE,Srengseng Sawah,Jagakarsa,Kota Jakarta Selatan
ChIJs8vL3f_taS4RD-B_tfITONc,Lenteng Agung,Jagakarsa,Kota Jakarta Selatan
ChIJPdTzvtrtaS4Rny8eJBB6jss,Lenteng Agung,Jagakarsa,Kota Jakarta Selatan
ChIJh7HpccTtaS4R3felpmD0M70,Lenteng Agung,Jagakarsa,Kota Jakarta Selatan
ChIJ7a6YI-TtaS4RHRQ67Lb2ub0,Ragunan,Pasar Minggu,Kota Jakarta Selatan
ChIJxbO8YfvtaS4RVgwXEDURxRs,Lenteng Agung,Jagakarsa,Kota Jakarta Selatan
ChIJ9fzyS8_taS4Ra0JH3lgQjic,Srengseng Sawah,Jagakarsa,Kota Jakarta Selatan
ChIJz_____DtaS4RuBSePQZKmzM,Kebagusan,Pasar Minggu,South Jakarta City
ChIJO8FvdaLtaS4RSZB1kkXDSLk,Tanjung Barat,Jagakarsa,Kota Jakarta Selatan
ChIJn6qq6qPtaS4RKwJxaX8KTuI,Baru,Pasar Rebo,East Jakarta City
ChIJKdFjS4XzaS4RpmE0MI-N8hQ,Pasar Minggu,Pasar Minggu,Kota Jakarta Selatan
ChIJ_57ljYztaS4RBUKmJ5rF0XA,Tanjung Barat,Jagakarsa,Kota Jakarta Selatan
ChIJd3ilG3XyaS4R7Y_rIePXcG4,Tanjung Barat,Jagakarsa,Kota Jakarta Selatan
ChIJgVaTJgryaS4RZDPX8Ifsn0A,Pasar Minggu,Pasar Minggu,Kota Jakarta Selatan
ChIJNWl0JY_taS4Rcf7n3fGXkxw,Tanjung Barat,Jagakarsa,Kota Jakarta Selatan
ChIJvdo1THTyaS4RBoB9yjj3LdM,Pejaten Timur,Pasar Minggu,Kota Jakarta Selatan
ChIJ76qqqo3taS4RkUk7x72ntOw,Tanjung Barat,Jagakarsa,Kota Jakarta Selatan
ChIJqSHWFHftaS4RSfN1u5Cg2Go,Susukan,Ciracas,East Jakarta City
ChIJ5RSsmVTtaS4RlacdijhrxSI,Pasar Minggu,Pasar Minggu,Kota Jakarta Selatan
ChIJA00kMHPyaS4RzjSAlv_vnD4,Pasar Minggu,Pasar Minggu,Kota Jakarta Selatan
ChIJh2Vkk9jtaS4R71LDz2IfqhU,Tanjung Barat,Jagakarsa,Kota Jakarta Selatan
ChIJ4dtL_AfyaS4RF-C9eDUjQ0o,Kebagusan,Pasar Minggu,Kota Jakarta Selatan
ChIJBS7mhhDyaS4RwQ24c_CL25w,Jati Padang,Pasar Minggu,Kota Jakarta Selatan
ChIJaS7VI2PyaS4RhJOaQnBn84s,Batu Ampar,Kramat jati,Kota Jakarta Timur
ChIJ2fZhrgTyaS4Rl1uCPiHU63Q,Ragunan,Pasar Minggu,Kota Jakarta Selatan
ChIJNb3Las7zaS4R0UHAjC6iv1A,Jati Padang,Pasar Minggu,Kota Jakarta Selatan
ChIJC4P6jYjzaS4RmEFhDQhpE7U,Ragunan,Pasar Minggu,Kota Jakarta Selatan
ChIJBa5dUV_zaS4Rpz5v0gMy_nU,Jati Padang,Pasar Minggu,Kota Jakarta Selatan
ChIJp6k1jNPxaS4RsvpHlCJjam4,Melawai,Kebayoran Baru,Kota Jakarta Selatan
ChIJaWy44RjxaS4RORWqDRtDtk0,Melawai,Kebayoran Baru,Kota Jakarta Selatan
ChIJ89CaVi_yaS4Rmq471uckjw0,Bangka,Mampang Prapatan,Kota Jakarta Selatan
ChIJ-ZfljI_xaS4RYqEvAOKUxi0,Melawai,Kebayoran Baru,Kota Jakarta Selatan
ChIJLaYz6kXxaS4R23ofLaT83us,Petogogan,Kebayoran Baru,Kota Jakarta Selatan
ChIJXUBFcBLxaS4RdvT3g4SaRRs,Kramat Pela,Kebayoran Baru,Kota Jakarta Selatan
ChIJJXUTrNDzaS4RJSFdr933enM,Tegal Parang,Mampang Prapatan,Kota Jakarta Selatan
ChIJNW2A01zxaS4RylvPeD8BOB4,Pela Mampang,Mampang Prapatan,Kota Jakarta Selatan
ChIJy45QPxLxaS4RZEV6XxuVfK0,Kramat Pela,Kebayoran Baru,Kota Jakarta Selatan
ChIJ94ljMXPxaS4RH5R1BnmpJP8,Pulo,Kebayoran Baru,Kota Jakarta Selatan
ChIJZXQ3b1nxaS4RBDCbFsM3GfE,Melawai,Kebayoran Baru,Kota Jakarta Selatan
ChIJuxnwDxPxaS4R4BeT2kbalvE,Kramat Pela,Kebayoran Baru,Kota Jakarta Selatan
ChIJf2NThW7zaS4RXQqG3ssDz7w,Pela Mampang,Mampang Prapatan,Kota Jakarta Selatan
ChIJQZigUinyaS4R4ofKanmV2lI,Bangka,Mampang Prapatan,Kota Jakarta Selatan
ChIJR_R8Od_zaS4RTFXXRKEDqVo,Pela Mampang,Mampang Prapatan,Kota Jakarta Selatan
ChIJhxAVNdLzaS4RE36ihgryocM,Duren Tiga,Pancoran,Kota Jakarta Selatan
ChIJq2YU5W7xaS4RKF6o-6Mc-uA,Melawai,Kebayoran Baru,South Jakarta City
ChIJZ_9u5ZDxaS4RtzyeEc5s00A,Melawai,Kebayoran Baru,Kota Jakarta Selatan
ChIJOVEJ60XxaS4RhRxK42wBrb8,Pela Mampang,Mampang Prapatan,Kota Jakarta Selatan
ChIJI3U5C2XxaS4RdRRpbU-heos,b-c,Kebayoran Baru,Kota Jakarta Selatan
ChIJR3Z58xPzaS4Rv46cCQ_1uvk,Kuningan Barat,Mampang Prapatan,Kota Jakarta Selatan
ChIJAxkWrNDzaS4RyfXBmyZF8qA,Tegal Parang,Mampang Prapatan,Kota Jakarta Selatan
ChIJSY442R3xaS4RiKFQ5S2VbxE,Kebayoran Lama Utara,Kebayoran Lama,Kota Jakarta Selatan
ChIJM5u87BDxaS4Rgyv0HFQy6ZY,Kebayoran Lama Utara,Kebayoran Lama,Kota Jakarta Selatan
ChIJY-C-8sPxaS4RnTlXQJ-0AgA,Pondok Pinang,Kebayoran Lama,Kota Jakarta Selatan
ChIJ_46xkBrxaS4ReC4bR5CD23A,Kebayoran Lama Selatan,Kebayoran Lama,Kota Jakarta Selatan
ChIJfYz0UxrxaS4RDiV8YKP8J24,Kebayoran Lama Utara,Kebayoran Lama,Kota Jakarta Selatan
ChIJQzFdk6vxaS4Ri6I1vWvx4_s,Pondok Pinang,Kebayoran Lama,Kota Jakarta Selatan
ChIJmemSdh7xaS4R82TubBojfuI,Kebayoran Lama Utara,Kebayoran Lama,Kota Jakarta Selatan
ChIJBXn-SFTxaS4R7R3uiSMUobE,Pondok Pinang,Kebayoran Lama,Kota Jakarta Selatan
ChIJTfxSM1PwaS4RgYyvQDCry1A,Pondok Pinang,Kebayoran Lama,Kota Jakarta Selatan
ChIJC8mjQGfxaS4RkOquMhj4bMM,Petogogan,Kebayoran Baru,Kota Jakarta Selatan
ChIJob7ukyTxaS4RigRph3C5HUU,Grogol Selatan,Kebayoran Lama,Kota Jakarta Selatan
ChIJeSJcQGfxaS4RjSDS5V3D1ZY,Petogogan,Kebayoran Baru,Kota Jakarta Selatan
ChIJ1yLGXyDxaS4R85Dgviw7Wro,Kebayoran Lama Utara,Kebayoran Lama,Kota Jakarta Selatan
ChIJkary8qvxaS4Rxb3W6Gmvnkg,Grogol Selatan,Kebayoran Lama,Kota Jakarta Selatan
ChIJodfvliLxaS4RpMCXWAnHq3Q,Kebayoran Lama Utara,Kebayoran Lama,Kota Jakarta Selatan
ChIJM8eV5iTxaS4RwEvXAASHlko,Grogol Selatan,Kebayoran Lama,Kota Jakarta Selatan
ChIJEUFZ1DzxaS4RfUdVOuGCFGo,Kebayoran Lama Utara,Kebayoran Lama,Kota Jakarta Selatan
ChIJy6BN4CDxaS4RsVFxeRXbZhc,Cipulir,Kebayoran Lama,Kota Jakarta Selatan
ChIJ8VBSPinxaS4Rsng_u-K88hw,Grogol Selatan,Kebayoran Lama,Kota Jakarta Selatan
ChIJeZWj6y7xaS4RkU4hCYZW7ig,Grogol Selatan,Kebayoran Lama,Kota Jakarta Selatan
ChIJS27Tds_xaS4R_ZcfY1bc7Eo,Gunung,Kebayoran Baru,Kota Jakarta Selatan
ChIJkYWOBl_xaS4RmTTy6oeqFXc,Rawa Barat,Kebayoran Baru,Kota Jakarta Selatan
ChIJ4T8PLOPzaS4RQDVcYaC-IGg,Karet Semanggi,Setiabudi,Kota Jakarta Selatan
ChIJdfevp1fxaS4RnmGonsjjpmU,Senayan,Kebayoran Baru,Kota Jakarta Selatan
ChIJB9ECK93xaS4R_Mj4ihkqHJI,Rawa Barat,Kebayoran Baru,Kota Jakarta Selatan
ChIJpbNXVUrzaS4Rt_lHfKPzCKM,Kuningan Timur,Setiabudi,Kota Jakarta Selatan
ChIJDW3h1JDzaS4R8CQ1sNCxq94,Karet Kuningan,Setiabudi,Kota Jakarta Selatan
ChIJQc2OjQzxaS4RfqiyqqO_NCw,Gelora,Tanah Abang,Kota Jakarta Pusat
ChIJjyTKfPnzaS4RmgahJeqJgd8,Karet Kuningan,Setiabudi,Kota Jakarta Selatan
ChIJSXpPIvDzaS4RKSuxd1gXm2Q,Kalibata,Pancoran,Kota Jakarta Selatan
ChIJ_xUj9s_zaS4RuolU_sbnxqY,Tegal Parang,Mampang Prapatan,Kota Jakarta Selatan
ChIJo4N061HxaS4RLUD76ouW53E,Senayan,Kebayoran Baru,Kota Jakarta Selatan
ChIJq-xEWLDzaS4RO4DqvG3IFd0,Karet Kuningan,Setiabudi,Kota Jakarta Selatan
ChIJX77vnO3zaS4RglK4CERSUh4,Karet Kuningan,Setiabudi,Kota Jakarta Selatan
ChIJFwAAAPnzaS4RSejras5dRMU,Karet Kuningan,Setiabudi,Kota Jakarta Selatan
ChIJPQAAAM32aS4RcEnvkUaMIR4,Grogol Utara,Kebayoran Lama,Kota Jakarta Selatan
ChIJw8ErsUrxaS4RHLDUy4GJLKU,Grogol Utara,Kebayoran Lama,Kota Jakarta Selatan
ChIJIfE3F33xaS4RJbkMNxv6FZs,Gelora,Tanah Abang,Kota Jakarta Pusat
ChIJf1IrAD3zaS4RP2uQZVJc8jY,Karet Kuningan,Setiabudi,South Jakarta City
ChIJTQh2UKv2aS4RKQet6SZxwrg,Bendungan Hilir,Tanah Abang,Kota Jakarta Pusat
ChIJF1D19sTzaS4Rw9CnBydlgJM,Mampang Prapatan,Mampang Prapatan,Kota Jakarta Selatan
ChIJezNcc8XzaS4RsQx_12LcMCA,Tegal Parang,Mampang Prapatan,Kota Jakarta Selatan
ChIJMUTCa23zaS4RHTh8p6ntkmM,Karet Kuningan,Setiabudi,Kota Jakarta Selatan
ChIJCzDmJsD1aS4RcZY18yQacU8,Karet Kuningan,Setiabudi,Kota Jakarta Selatan
ChIJQ7XctwD0aS4RfpVYI5dO7Tk,Karet,Setiabudi,Kota Jakarta Selatan
ChIJT8CQPFb1aS4RK8qucus35Ww,Karet Kuningan,Setiabudi,Kota Jakarta Selatan
ChIJ_1BcKv_1aS4Rlooh3g26uJc,Setia Budi,Setiabudi,Kota Jakarta Selatan
ChIJNRM7bsn2aS4R8hvF8YZwxCM,Grogol Utara,Kebayoran Lama,Kota Jakarta Selatan
ChIJq1gLE__1aS4RWeHN-mgTXGM,Setia Budi,Setiabudi,Kota Jakarta Selatan
ChIJzzu5us73aS4ROHqUfE6SxYY,Gelora,Tanah Abang,Kota Jakarta Pusat
ChIJCaIfAS3zaS4RU05zKohxCf0,Kuningan Barat,Mampang Prapatan,Kota Jakarta Selatan
ChIJK5X2RyjxaS4RyPDN-Qxm35w,Grogol Selatan,Kebayoran Lama,Kota Jakarta Selatan
ChIJ7wOa9NjwaS4RlE5wVtVplPI,Grogol Selatan,Kebayoran Lama,Kota Jakarta Selatan
ChIJGwAAADvxaS4RE8wz9nSvxB4,South Grogol,Kebayoran Lama,South Jakarta City
ChIJ4RbvS9PzaS4R6hZNBfVLPa4,Kuningan Barat,Mampang Prapatan,Kota Jakarta Selatan
ChIJ420LHDLyaS4RhHEuu5hwBX8,Kalibata,Pancoran,Kota Jakarta Selatan
ChIJXxPvJBLxaS4RtgUwzQoQGtQ,Petogogan,Kebayoran Baru,Kota Jakarta Selatan
ChIJJ5m3hBz0aS4RBJ9_gwBC4gk,Setia Budi,Setiabudi,Kota Jakarta Selatan
ChIJZU13Dof1aS4RXIGm2TLCTWY,Guntur,Setiabudi,Kota Jakarta Selatan
ChIJHYztEg_0aS4RoD35swJ40H4,Guntur,Setiabudi,Kota Jakarta Selatan
ChIJ_ZiOif71aS4RT1bOaYGVvB8,Kebon Melati,Tanah Abang,Kota Jakarta Pusat
ChIJz6qqqsnwaS4R5k7p_0d1KX8,Petukangan Utara,Pesanggrahan,Kota Jakarta Selatan
ChIJe35tSOjwaS4R6QeisbhjlkM,Petukangan Selatan,Pesanggrahan,Kota Jakarta Selatan
ChIJJUPMjNjwaS4RdFqvhCYBXTs,Grogol Selatan,Kebayoran Lama,Kota Jakarta Selatan
ChIJD9RtOvDwaS4RhDJlnkZFfoE,Pesanggrahan,Jakarta Selatan,Kota Jakarta Selatan
ChIJl0Lx7NzwaS4RvKVM6oOutyw,Ulujami,Pesanggrahan,Kota Jakarta Selatan
ChIJcwAAAOnwaS4RyejTwt6YERQ,South Petukangan,Jakarta Selatan,South Jakarta City
ChIJ6aVHOCDxaS4R6MCZegYiQ0Q,Cipulir,Kebayoran Lama,Kota Jakarta Selatan
ChIJ4___P-fwaS4R-yxrxTiWMmQ,Ulujami,Pesanggrahan,South Jakarta City
ChIJf6MZFinxaS4RyCeGToSenpA,Grogol Utara,Kebayoran Lama,Kota Jakarta Selatan
ChIJAZgxPO_waS4RSgVSHG9MFBc,Petukangan Selatan,Pesanggrahan,Kota Jakarta Selatan
ChIJCfldOcPwaS4RtrLi0yMazkU,Petukangan Utara,Pesanggrahan,Kota Jakarta Selatan
ChIJ4___P-fwaS4Ra-rEZZq9-CM,Ulujami,Pesanggrahan,Kota Jakarta Selatan
ChIJuVSpxN_waS4Rm819BJDCdw0,Cipulir,Kebayoran Lama,Kota Jakarta Selatan
ChIJSaRPzt3waS4R3DqqT8nucVY,Ulujami,Pesanggrahan,Kota Jakarta Selatan
ChIJz6qqqsnwaS4RAC370aGrhq4,North Petukangan,Pesanggrahan,South Jakarta City
ChIJex_w2-_waS4R6VXC2vkXSFA,Pesanggrahan,Pesanggrahan,Kota Jakarta Selatan
ChIJOwckatDwaS4RpIzxDLhO1EM,Ulujami,Pesanggrahan,Kota Jakarta Selatan
ChIJ4___P-fwaS4RZ-EO8PKFun8,Ulujami,Pesanggrahan,Kota Jakarta Selatan
ChIJz6qqqsnwaS4RxD9ldK9oKKo,Petukangan Selatan,Pesanggrahan,Kota Jakarta Selatan
ChIJH36UOM7waS4RPJe-iO0msh0,Petukangan Utara,Pesanggrahan,Kota Jakarta Selatan
ChIJe6ZjJMzwaS4RkAqiCOaJD-E,Petukangan Utara,Pesanggrahan,Kota Jakarta Selatan
ChIJT8mnns72aS4RPfUpbeXysQo,Grogol Utara,Kebayoran Lama,Kota Jakarta Selatan
ChIJXX3NcsX2aS4RkMJNDkES6m0,Grogol Utara,Kebayoran Lama,Kota Jakarta Selatan
ChIJd51xpy33aS4Rtb1xjVOSXzI,Grogol Utara,Kebayoran Lama,Kota Jakarta Selatan
ChIJt____1DwaS4RKkfX8UBEtdo,Bintaro,Pesanggrahan,Kota Jakarta Selatan
ChIJt____1DwaS4RX_eDTTWVP_k,Bintaro,Jakarta Selatan,Kota Jakarta Selatan
ChIJcQydolXwaS4RhUhvgR38H7M,Bintaro,Pesanggrahan,Kota Jakarta Selatan
ChIJUfoIE1TwaS4RtWJPNqpLxvY,Bintaro,Pesanggrahan,Kota Jakarta Selatan
ChIJfdJDkFbwaS4RzRPhnmq9ySw,Bintaro,Pesanggrahan,Kota Jakarta Selatan
ChIJs2ElFvjwaS4RxGz06AXOrTg,Pesanggrahan,Pesanggrahan,Kota Jakarta Selatan
ChIJo_xXbVTwaS4RzpuiYgv408Y,Bintaro,Pesanggrahan,Kota Jakarta Selatan
ChIJEUakJUnwaS4R5nVu-_yApX4,Bintaro,Pesanggrahan,Kota Jakarta Selatan
ChIJhw7nnzDxaS4RVsy9lGn0S7U,Bintaro,Pesanggrahan,Kota Jakarta Selatan
ChIJEf3pk_rxaS4R4b0T-ousRiQ,Pesanggrahan,Pesanggrahan,Kota Jakarta Selatan
ChIJL-ueae7waS4RrdvbPbIBUlw,Petukangan Selatan,Pesanggrahan,Kota Jakarta Selatan
ChIJtXtyLz_xaS4RNegL6qVJ54I,Bintaro,Pesanggrahan,Kota Jakarta Selatan
ChIJN6SvsVnwaS4R7Dvnqx_sr4M,Pesanggrahan,Pesanggrahan,Kota Jakarta Selatan
ChIJCQpntznyaS4R5HJ1zQCwkB4,Pejaten Barat,Pasar Minggu,Kota Jakarta Selatan
ChIJEYrs5dDzaS4RJRZWtIRczmM,Duren Tiga,Pancoran,Kota Jakarta Selatan
ChIJY3w000zyaS4RJpAudy3L5V4,Pancoran,Pancoran,Kota Jakarta Selatan
ChIJITbO1jjyaS4RS5lw3N7iBVM,Pejaten Barat,Pasar Minggu,Kota Jakarta Selatan
ChIJncPt8wXzaS4RDxKhwvnyVpg,Duren Tiga,Pancoran,Kota Jakarta Selatan
ChIJI0tOwjTyaS4RLO_bH3X27As,Kalibata,Pancoran,Kota Jakarta Selatan
ChIJcTAiHDLyaS4R0aVLrIbKjmg,Kalibata,Pancoran,Kota Jakarta Selatan
ChIJkzb3EMrzaS4RXv7xWnaXfb8,Pancoran,Pancoran,Kota Jakarta Selatan
ChIJyTF07TXyaS4RYebkKF7u42o,Kalibata,Pancoran,Kota Jakarta Selatan
ChIJTYdPFlzzaS4R4JoaMHSAiPY,Menteng Dalam,Tebet,Kota Jakarta Selatan
ChIJtaqqauvzaS4RnSCep_ghRMM,Menteng Dalam,Tebet,Kota Jakarta Selatan
ChIJw4Qe95TzaS4R4TukR0p9hZk,Menteng Dalam,Tebet,Kota Jakarta Selatan
ChIJv6HpCt3zaS4R6xwdQSocB24,Kalibata,Pasar Minggu,Kota Jakarta Selatan
ChIJXRviXL7zaS4RE8cUq9rXJQc,Tebet Barat,Tebet,Kota Jakarta Selatan
ChIJpzdhkdPzaS4R8PAP1nFVLYE,Pancoran,Pancoran,Kota Jakarta Selatan
ChIJVaFRO43zaS4R9wZv9oxkGeI,Menteng Dalam,Tebet,Kota Jakarta Selatan
ChIJ7ahV373zaS4Rm9rs7VrGTVg,Tebet Barat,Tebet,Kota Jakarta Selatan
ChIJtX8wqY3zaS4RTpmMPQzAFbg,Menteng Dalam,Tebet,Kota Jakarta Selatan
ChIJxf__P5bzaS4RZ7KfkYohoDc,Tebet Barat,Tebet,Kota Jakarta Selatan
ChIJWXksB5_1aS4RlMiiTQ4dm-I,Papanggo,Tanjung Priok,Kota Jakarta Utara
ChIJk___P4nzaS4RKHnkXKOuy64,Manggarai Selatan,Tebet,Kota Jakarta Selatan
ChIJV4P3VhjzaS4RnuDMhqW9W2w,Menteng Dalam,Tebet,Kota Jakarta Selatan
ChIJV7cl6pDzaS4RnpIsEEg4Wik,Tebet Barat,Tebet,Kota Jakarta Selatan
ChIJuRjcO4zzaS4RUa5WFynptng,Menteng Dalam,Tebet,Kota Jakarta Selatan
ChIJndinnI_zaS4RsBdPM7-_7mo,Bukit Duri,Tebet,Kota Jakarta Selatan
ChIJBxrDu73zaS4R_jKixhfyWEE,Tebet Barat,Tebet,Kota Jakarta Selatan
ChIJqUxFMa_zaS4Rb6WsdUlLWrQ,Pengadegan,Pancoran,Kota Jakarta Selatan
ChIJPRf2ebHzaS4R2AqgbPWyqrI,Pengadegan,Pancoran,Kota Jakarta Selatan
ChIJfS5DnODzaS4RByux-xL7Cy4,Tebet Timur,Tebet,Kota Jakarta Selatan
ChIJn9W6dvPzaS4R-cPh4bkgO1g,Rawajati,Pancoran,Kota Jakarta Selatan
ChIJrevYYKXzaS4RywexQtwJGqY,Cikoko,Pancoran,Kota Jakarta Selatan
ChIJuZeA4KHzaS4RO8kOMnZzjnw,Kebon Baru,Tebet,Kota Jakarta Selatan
ChIJzddog5jzaS4RM7Gl9dS3Gbs,Tebet Timur,Tebet,Kota Jakarta Selatan
ChIJV9gKwXvzaS4RKk1asM_cBr8,Rawajati,Pancoran,Kota Jakarta Selatan
ChIJGYiD7b_zaS4RVrXT4JRudmo,Pengadegan,Pancoran,Kota Jakarta Selatan
ChIJXYGF0a_zaS4RaVDjPs-LMYk,Rawajati,Pancoran,South Jakarta City
ChIJPRc3DE7yaS4Rlzq8SQ7YEfE,Rawajati,Pancoran,Kota Jakarta Selatan
ChIJZbxsMgvzaS4ROsamm2cDWG0,Kampung Melayu,Jatinegara,Kota Jakarta Timur
ChIJZ0DyfMnzaS4RJ9jFt8abwmQ,Pengadegan,Pancoran,Kota Jakarta Selatan
ChIJeYYMX63zaS4RoKELlWfnU9Q,Rawajati,Jakarta Selatan,Kota Jakarta Selatan
ChIJv2LFq1LyaS4RTp3YYUId3jg,Rawajati,Pancoran,Kota Jakarta Selatan
ChIJHQAAwJnzaS4RX1MjemHCBZM,Tebet Timur,Tebet,Kota Jakarta Selatan
ChIJV7ZuexPzaS4Raja2xYYiJ_I,Pengadegan,Pancoran,South Jakarta City
ChIJT9K7ZKnzaS4RYVbkqs38TuU,Pengadegan,Pancoran,Kota Jakarta Selatan
ChIJ95g2h5vzaS4R0qUPfUiXjys,Kebon Baru,Jakarta Selatan,Kota Jakarta Selatan
ChIJkUGyILPzaS4RS2iZ8BGqPkc,Rawajati,Pancoran,South Jakarta City
ChIJE3_-BaPzaS4Rs0YHJv9N4H0,East Tebet,Jakarta Timur,South Jakarta City
ChIJuzWu8LvzaS4Ra3ud2A7lDHo,Pengadegan,Pancoran,South Jakarta City
ChIJ71RBBiPzaS4RzLWpLbPWU80,Tebet Timur,Pancoran,Kota Jakarta Selatan
ChIJzXZzEq3zaS4REp5urTglWeE,Rawajati,Pancoran,Kota Jakarta Selatan
ChIJ63NDeWPzaS4RHVCnhEWtXTU,Manggarai Selatan,Tebet,Kota Jakarta Selatan
ChIJy6qqaoTzaS4RC_J-x2TbxZU,Bukit Duri,Tebet,Kota Jakarta Selatan
ChIJZ32HrG3zaS4RDEdM-8JgtKs,Bidara Cina,Jatinegara,Kota Jakarta Timur
ChIJD391JYPzaS4RQJHI5zLfWfg,Kebon Baru,Tebet,Kota Jakarta Selatan
ChIJWRooDKPzaS4R-oR5GrizSpE,Tebet Timur,Tebet,Kota Jakarta Selatan
ChIJJYdxEkTyaS4RUCWdYxW7wqA,Pejaten Timur,Pasar Minggu,Kota Jakarta Selatan
ChIJiXNZXIjzaS4RjQ-7sFoVCPU,Kalibata,Pancoran,Kota Jakarta Selatan
ChIJz_____DtaS4R2Q5FIFxTxv8,Pasar Minggu,Pasar Minggu,Kota Jakarta Selatan
ChIJ63ebeEDyaS4RkvBsuy-1j3o,Pejaten Barat,Pasar Minggu,Kota Jakarta Selatan
ChIJT51ruQvzaS4R6URisPO0Esg,Bidara Cina,Jatinegara,Kota Jakarta Timur
ChIJseq4IvvzaS4RkFLeN9IEZOk,Bali Mester,Jatinegara,Kota Jakarta Timur
ChIJM_MGcAHzaS4RaWCJ-tf_NBA,Kebon Baru,Tebet,Kota Jakarta Selatan
ChIJn03pAwTzaS4R0bJEXJlngZc,Bukit Duri,Tebet,Kota Jakarta Selatan
ChIJZ4s-S53zaS4Rqs7o2XJV4Lc,Kebon Baru,Tebet,Kota Jakarta Selatan
ChIJ18ZbnBjzaS4RX9R3AMc2iP0,Bukit Duri,Tebet,Kota Jakarta Selatan
ChIJq-_X7gzzaS4RvoAmsWNp4Qk,Kebon Baru,Tebet,Kota Jakarta Selatan
ChIJL-7KwRXyaS4R1KfdS1lXbjA,Jati Padang,Pasar Minggu,Kota Jakarta Selatan
ChIJZYivLIntaS4RYRVV5fqSKRw,Tanjung Barat,Jagakarsa,Kota Jakarta Selatan
ChIJmwb3rhPyaS4R_23xpv2E254,Pasar Minggu,Pasar Minggu,Kota Jakarta Selatan
ChIJKzbH_nbtaS4RPC_zVyqnB5g,Ragunan,Pasar Minggu,Kota Jakarta Selatan
ChIJbbdFCvntaS4RhngjQ_Gl0v0,Kebagusan,Pasar Minggu,Kota Jakarta Selatan
ChIJWdIwMBPzaS4RLbHyiDEEYZ4,Pasar Minggu,Pasar Minggu,Kota Jakarta Selatan
ChIJ9V6Ft6vtaS4RcOu1gslzJIQ,Kebagusan,Pasar Minggu,Kota Jakarta Selatan
ChIJ00ufpmXyaS4RwCJSKBgZeBE,Balekambang,Kramat jati,Kota Jakarta Timur
ChIJgxhagUnzaS4RvD_Z_w12BOo,Rawajati,Pancoran,Kota Jakarta Selatan
ChIJwXhXQUjzaS4RyD2u1bivvgU,Pejaten Barat,Pasar Minggu,Kota Jakarta Selatan
ChIJjV_Ni1rwaS4RQfj-56QgK9w,Bintaro,Pesanggrahan,Kota Jakarta Selatan
ChIJq8HgY0PwaS4R5UY58R60CRk,Bintaro,Pesanggrahan,Kota Jakarta Selatan
ChIJzQet4L7waS4RFeApilyOjfw,Petukangan Utara,Pesanggrahan,Kota Jakarta Selatan
ChIJgQybDsHwaS4R6ga_XdZJ78Q,Petukangan Utara,Pesanggrahan,Kota Jakarta Selatan
ChIJZetr6vrxaS4RsX9Sa2zGjK0,Petukangan Selatan,Pesanggrahan,Kota Jakarta Selatan
ChIJbfGEHcHwaS4RxKnoSu1bIxk,South Petukangan,Pesanggrahan,South Jakarta City
ChIJ8QWqFezwaS4R_5w0mAxs9dU,Petukangan Selatan,Pesanggrahan,Kota Jakarta Selatan
ChIJawlqH-vwaS4ROFHJDR7K8YI,Petukangan Selatan,Pesanggrahan,Kota Jakarta Selatan
ChIJ91a9IMjwaS4RIcKoAkrR_dM,Petukangan Utara,Pesanggrahan,Kota Jakarta Selatan
ChIJG6pO37fwaS4RdYDjCTDUWMc,Petukangan Utara,Pesanggrahan,Kota Jakarta Selatan
ChIJeVMAR7HwaS4R4srJiyc2f4c,Petukangan Utara,Pesanggrahan,Kota Jakarta Selatan
ChIJr5QeJsbwaS4RabTVm0qv1rA,Petukangan Utara,Pesanggrahan,Kota Jakarta Selatan
ChIJr4-HGLjwaS4Ragtsic4Yjus,Petukangan Utara,Pesanggrahan,Kota Jakarta Selatan
ChIJV2qZoMXwaS4RiQyhGgeG1xQ,Petukangan Utara,Pesanggrahan,Kota Jakarta Selatan
ChIJKxJkI8zwaS4RTDk1MNNsXKU,Petukangan Utara,Pesanggrahan,Kota Jakarta Selatan
ChIJVwsQapH1aS4RRn0qO3oi72c,Karet,Setiabudi,Kota Jakarta Selatan
ChIJk___P4nzaS4R-mx5t36xeEE,Manggarai Selatan,Tebet,Kota Jakarta Selatan
ChIJVxLzin71aS4R5ngDmYA-lEM,Pasar Manggis,Setiabudi,Kota Jakarta Selatan
ChIJE27Ce3X0aS4RwPqn75uJU88,Menteng Atas,Setiabudi,Kota Jakarta Selatan
ChIJt6qq6gz0aS4Rc32yPpqE5bc,Pasar Manggis,Setiabudi,Kota Jakarta Selatan
ChIJU8fWq6_1aS4RLiY3lLYzs2o,Guntur,Setiabudi,Kota Jakarta Selatan
ChIJb2LXKQv0aS4RMsA0_7UBZqw,Menteng Atas,Setiabudi,Kota Jakarta Selatan
ChIJt9agVXX0aS4RMX9VQephLU0,Menteng Atas,Setiabudi,Kota Jakarta Selatan
ChIJw___Pw70aS4RWR0PfuJ3EbQ,Menteng Atas,Setiabudi,Kota Jakarta Selatan
ChIJtbBKIBn3aS4RDILdRYO1-O4,Karet Tengsin,Tanah Abang,Central Jakarta City
ChIJS4y29Aj0aS4Rhsigp-JY_H4,Karet,Jakarta Selatan,Kota Jakarta Selatan
ChIJu0w9qAv3aS4RkVPqISVW4q0,Bendungan Hilir,Tanah Abang,Central Jakarta City
ChIJ8wnNTnP0aS4Rt4yRAq93XYE,Pasar Manggis,Setiabudi,Kota Jakarta Selatan
ChIJrVK2lB73aS4RGj_JuWOYF-8,Kebon Melati,Tanah Abang,Kota Jakarta Pusat
ChIJM2gR-Z72aS4RDrZHeKNfLG8,Kebon Melati,Jakarta Pusat,Central Jakarta City
ChIJw3pmkY7zaS4RzEJnuWOCvuI,South Manggarai,Tebet,South Jakarta City
ChIJC_j2enH0aS4RLYqRmKfTNwU,Manggarai,Tebet,Kota Jakarta Selatan
ChIJ4zoAOE7yaS4RTmrqJf3bbYg,Manggarai,Tebet,Kota Jakarta Selatan
ChIJ111irRfzaS4RZQVb6NYgSuU,Tebet Timur,Tebet,Kota Jakarta Selatan
ChIJ_f__P0P0aS4RwCzZ2DPOu0Q,Paseban,Senen,Central Jakarta City
ChIJcSGmzSn1aS4RJUzV3mJzXWw,Paseban,Senen,Kota Jakarta Pusat
ChIJp2zrmwX1aS4ReZAbJY11jeo,Gondangdia,Menteng,Kota Jakarta Pusat
ChIJDwAAcEH0aS4RTkKCY72UjaM,Kenari,Senen,Central Jakarta City
ChIJgQrn1yr1aS4Rq4XC-5vIzzk,Kebon Kacang,Tanah Abang,Kota Jakarta Pusat
ChIJea1bnRv1aS4ROX5JWYT2FVA,Kebon Kacang,Tanah Abang,Kota Jakarta Pusat
ChIJ-___Lzb0aS4R2cT53nG21O0,Kwitang,Senen,Central Jakarta City
ChIJ37a-bqf1aS4Rp7HQzQh8Awc,Pisangan Baru,Matraman,Kota Jakarta Timur
ChIJc3lpisv1aS4RjyY4vbpNYEw,South Utan Kayu,Matraman,East Jakarta City
ChIJ38U6OvX0aS4RDde402dm8fE,North Utan Kayu,Jakarta Barat,East Jakarta City
ChIJK7Zhegn1aS4RxRVe-npfLQ4,Rawasari,Cempaka Putih,Central Jakarta City
ChIJk00KncL1aS4RMVWqUhiNFTE,Rawasari,Cempaka Putih,Kota Jakarta Pusat
