nama_tempat,rating_tempat,user_ratings_total,latitude,longitude,alamat_tempat,place_id,distance
alfamart,4.4,52,-6.2392731,106.8100952,"jl. wolter monginsidi kel no.46, rt.1/rw.6, petogogan, kota jakarta selatan",ChIJ-TaTa2fxaS4R6RNGaVrMT6k,0
alfamart,3.5,12,-6.2440528,106.8161758,"jl. bangka raya kel no.31 a, rt.5/rw.5, pela mampang, kota jakarta selatan",ChIJQQRLPWLxaS4Rw_WIE4_HVMw,0
alfamart,0,0,-6.240064299999999,106.8042097,"pt pln (persero) kantor pusat, jl. trunojoyo no.kel, rt.6/rw.2, melawai, south jakarta city",ChIJp0jKnE_xaS4ReNrwgJLzaRU,0
alfamart koppeg pt pln,3.9,12,-6.2407841,106.8035925,"jl. trunojoyo no.135, rt.6/rw.2, melawai, kota jakarta selatan",ChIJgZrvVmjxaS4R-CmjwHJTv-o,0
alfamart,4.4,43,-6.233994099999999,106.8496706,"jl. tebet barat, no. iv, no. 7, rt. 016 / 04, kel, rt.16/rw.2, tebet bar., kota jakarta selatan",ChIJ9Vwe-pbzaS4RRlQmSFdW96A,0
alfamart,4.3,68,-6.2295531,106.8467864,"jl dr soepomo sh no 73d menten, rt.2/rw.15, menteng dalam, kota jakarta selatan",ChIJFRyV05PzaS4RMYjyqWOO87o,0
alfamart abdullah syafei,4.3,56,-6.2233659,106.8491521,"jl. kh. abdullah syafei no.27, kel no.01, rt.4/rw.1, manggarai sel., kota jakarta selatan",ChIJAUMc7Y7zaS4RgN_gPmZvDbU,0
alfamart,4.4,115,-6.2296444,106.8533086,"jl. tebet raya no.10a, rt.9/rw.4 kel, tebet tim., kota jakarta selatan",ChIJrwK7gpDzaS4RiLpXd52lzmk,0
alfamart,4.2,247,-6.232115299999999,106.8526155,"jl. tebet timur raya kel no.10a, rw.5, tebet tim., kota jakarta selatan",ChIJvxCSrJDzaS4RKB-Id--kE3M,0
